infected_status,infection_chance,recovery_chance,interaction_rate
susceptible,0.11394267984578837,0.05,0.10500215104453339
susceptible,0.07750293183691193,0.05,0.14464214762976454
susceptible,0.12364712141640123,0.05,0.23533989748458226
susceptible,0.13921795677048454,0.05,0.11738776652588323
susceptible,0.09219218196852705,0.05,0.10595944388761408
susceptible,0.07186379748036034,0.05,0.20107105762067246
susceptible,0.05265359696838637,0.05,0.1397675301373297
susceptible,0.11498844377795232,0.05,0.20898829612064335
susceptible,0.07204406220406967,0.05,0.21785313677518175
susceptible,0.13094304566778264,0.05,0.1012997519356122
susceptible,0.13058192518328077,0.05,0.23962787899764537
susceptible,0.08402505165179919,0.05,0.13109589996235632
susceptible,0.1457213072206781,0.05,0.16731890902252536
susceptible,0.059274584338014795,0.05,0.11934327536669281
susceptible,0.13474943663474598,0.05,0.2207452062733782
susceptible,0.130712827327438,0.05,0.24594635733876358
susceptible,0.10362280914547006,0.05,0.29462315279587414
susceptible,0.08785343772083534,0.05,0.2104081262546454
susceptible,0.1329404664252995,0.05,0.2237039504728492
susceptible,0.13617069003107773,0.05,0.21547042905135239
susceptible,0.12045718362149234,0.05,0.10916487673113245
susceptible,0.07278982756515469,0.05,0.15787759272042143
susceptible,0.057979197692362754,0.05,0.14655817727220605
susceptible,0.06010014294097291,0.05,0.15559472062201843
susceptible,0.11356844442644001,0.05,0.17296643579401685
susceptible,0.08701809671168827,0.05,0.14190140615429753
susceptible,0.07669778220491133,0.05,0.2873309175424988
susceptible,0.11480353852465935,0.05,0.22182620113339763
susceptible,0.0671138648198097,0.05,0.24582535959006982
susceptible,0.06634024937619284,0.05,0.17589108835152956
susceptible,0.1489523350636595,0.05,0.22799995197081857
susceptible,0.10569497437746461,0.05,0.2369228501979749
susceptible,0.13428519201898095,0.05,0.25519998230924895
susceptible,0.07290480719641043,0.05,0.10642004878080756
susceptible,0.08154530480590819,0.05,0.15354817519514055
susceptible,0.07109828435863265,0.05,0.2885819428670109
susceptible,0.13763676264726687,0.05,0.1629355761596956
susceptible,0.115543866529488,0.05,0.17912638021213284
susceptible,0.14145475897405435,0.05,0.19177037051747975
susceptible,0.07648801664980524,0.05,0.1493255015387967
susceptible,0.10613681341631508,0.05,0.15254832170458704
susceptible,0.10845859902235405,0.05,0.2795645767204954
susceptible,0.08994005051403972,0.05,0.14386415183145668
susceptible,0.14975376064951101,0.05,0.20190525873529291
susceptible,0.05909094121737939,0.05,0.10942327508494692
susceptible,0.06096491303506592,0.05,0.225489208340618
susceptible,0.1292079364362964,0.05,0.18443199335993682
susceptible,0.05635277061519572,0.05,0.17632385730130734
susceptible,0.1496121380240097,0.05,0.20582286901982738
susceptible,0.14710783776136183,0.05,0.2721559404468996
susceptible,0.051148102194281966,0.05,0.24414436387203892
susceptible,0.11817103690265747,0.05,0.20739406608175903
susceptible,0.07668251899525427,0.05,0.2281923597159616
susceptible,0.06115521735958765,0.05,0.186953050133821
susceptible,0.09537237063292064,0.05,0.290763185504216
susceptible,0.13758529403781938,0.05,0.15267781015021814
susceptible,0.10005861130502983,0.05,0.13573037610602628
susceptible,0.14126278393448205,0.05,0.27410371396735334
susceptible,0.07984447914486328,0.05,0.22778989897320104
susceptible,0.11089702114381722,0.05,0.13056785370992696
susceptible,0.12625108000751512,0.05,0.20787580602392514
susceptible,0.12786264786305582,0.05,0.2060707344390355
susceptible,0.05005718961279435,0.05,0.16483121140093462
susceptible,0.051947674238583236,0.05,0.2858197232529234
susceptible,0.1378721877823184,0.05,0.2663331058722359
susceptible,0.08075141254026615,0.05,0.11158503329883751
susceptible,0.13780095992040403,0.05,0.28938988905959884
susceptible,0.05856534520678788,0.05,0.19719809266332275
susceptible,0.05692125184683836,0.05,0.25212043305144627
susceptible,0.1265834429306988,0.05,0.12567829289995255
susceptible,0.09752823780987313,0.05,0.20996071869898877
susceptible,0.07650566289400591,0.05,0.2744866082170515
susceptible,0.09231379402008869,0.05,0.14235964108841642
susceptible,0.10392960887794583,0.05,0.24598621381799524
susceptible,0.07011510633896958,0.05,0.16234325826017898
susceptible,0.14951493566608948,0.05,0.2299756115278907
susceptible,0.0938100083914504,0.05,0.20351516820711812
susceptible,0.06210041958682658,0.05,0.14493946740631147
susceptible,0.08380855621474553,0.05,0.21766174369144664
susceptible,0.0730114732596577,0.05,0.14404347689031188
susceptible,0.05709930860090326,0.05,0.22622059145401976
susceptible,0.07289417838111543,0.05,0.28108400260122557
susceptible,0.13596354002537464,0.05,0.1141714699777307
susceptible,0.07380046343689953,0.05,0.2337955556592561
susceptible,0.07142368073704386,0.05,0.126462369745005
susceptible,0.1435514240580671,0.05,0.2142086186650569
susceptible,0.09726710263117941,0.05,0.25692388485815065
susceptible,0.13074969977666434,0.05,0.13808198287237555
susceptible,0.059693081422882335,0.05,0.1862102364812755
susceptible,0.09235786230199208,0.05,0.193404933607335
susceptible,0.12290758494598505,0.05,0.2346729094586603
susceptible,0.1484165211365966,0.05,0.11968357423039178
susceptible,0.09026212821022687,0.05,0.16786052107899263
susceptible,0.1361672536352791,0.05,0.14973126678405713
susceptible,0.06902089084408115,0.05,0.18972270956662637
susceptible,0.09218816398344042,0.05,0.1557090289333881
susceptible,0.07498064478821005,0.05,0.2846531198552026
susceptible,0.09431307450534569,0.05,0.27226982095236607
susceptible,0.1050325312449848,0.05,0.11011766590497625
susceptible,0.14992824684127265,0.05,0.2672055170159904
susceptible,0.14689962572847512,0.05,0.28527339660162554
susceptible,0.13486957344143052,0.05,0.13326222212078281
susceptible,0.09856411254507184,0.05,0.14274945983983633
susceptible,0.09010402925494526,0.05,0.11172707999443579
susceptible,0.08789731189769161,0.05,0.29706176875594514
susceptible,0.0765203058172152,0.05,0.25681412038971385
susceptible,0.09550083673391432,0.05,0.1846014971980326
susceptible,0.14573176408596733,0.05,0.2990845378985427
susceptible,0.10557683234056181,0.05,0.2436816550592652
susceptible,0.06547968252740641,0.05,0.15934156509891284
susceptible,0.14687093649691588,0.05,0.21583605816325124
susceptible,0.10421952013742741,0.05,0.2495951120758128
susceptible,0.05571652729074831,0.05,0.21683551889179425
susceptible,0.10028503829195135,0.05,0.27054397840965705
susceptible,0.06574327279394833,0.05,0.29215578065489006
susceptible,0.05801114652405869,0.05,0.13716499219614464
susceptible,0.10950351064500277,0.05,0.23504251072081803
susceptible,0.07352038950009313,0.05,0.12397732278942485
susceptible,0.13902873141294375,0.05,0.14924306955772498
susceptible,0.10945191535334411,0.05,0.22387630206642062
susceptible,0.09192249153358725,0.05,0.21673445785824494
susceptible,0.10227827155319588,0.05,0.28694125154728545
susceptible,0.07042591994235364,0.05,0.24323836015788294
susceptible,0.0738685952615846,0.05,0.1791571693582509
susceptible,0.11716902229599713,0.05,0.15999941595975245
susceptible,0.0816177196271854,0.05,0.2503728984828804
susceptible,0.05725431144931573,0.05,0.1916571045237172
susceptible,0.14984544408544423,0.05,0.29921928957101884
susceptible,0.0573260721099633,0.05,0.14263086245340809
susceptible,0.07652004147504013,0.05,0.28665187559874183
susceptible,0.13808641736864397,0.05,0.27585404849690853
susceptible,0.0869527088738884,0.05,0.13154936647144638
susceptible,0.1333744954639807,0.05,0.24070798501747417
susceptible,0.11116777657259501,0.05,0.29744661272630085
susceptible,0.11539763177107326,0.05,0.1015646214304316
susceptible,0.13171041351154616,0.05,0.15987575043999558
susceptible,0.11633887149660772,0.05,0.28778600078542077
susceptible,0.06342911143933677,0.05,0.12308573408382045
susceptible,0.06070359777094177,0.05,0.21064472817696317
susceptible,0.07723482123148163,0.05,0.2209659654060448
susceptible,0.12176121871387979,0.05,0.14071946246549058
susceptible,0.11342379588850797,0.05,0.15279678032608188
susceptible,0.09885318521493766,0.05,0.2810672982158646
susceptible,0.13461037132948556,0.05,0.11845969354254669
susceptible,0.09235757725637264,0.05,0.15533604479445035
susceptible,0.050354568908778236,0.05,0.25422384460392544
recovered,0.11371133773013796,0.05,0.15239105248686963
susceptible,0.12412309083479307,0.05,0.21033608422527825
susceptible,0.09276869189806794,0.05,0.101933939921668
susceptible,0.05752438600737671,0.05,0.2766212786600286
susceptible,0.14039285715598931,0.05,0.20911805784110446
susceptible,0.13345950198860168,0.05,0.21650191329795881
susceptible,0.06480937855674826,0.05,0.12548910385642775
susceptible,0.08082583499301337,0.05,0.279796297748518
susceptible,0.12961223048880416,0.05,0.27214051640018055
susceptible,0.13989246365264746,0.05,0.1420153076679508
susceptible,0.07495297392229244,0.05,0.12055872433435713
susceptible,0.12801162418714426,0.05,0.2768269402902018
susceptible,0.09063773898321167,0.05,0.22413230203014256
susceptible,0.06545533383322047,0.05,0.28597620313873484
susceptible,0.13646056962199637,0.05,0.2952412065861926
susceptible,0.13107717199403968,0.05,0.2762832409326649
susceptible,0.05247863618981888,0.05,0.24731289435101642
susceptible,0.08321854679464287,0.05,0.2861631772096651
susceptible,0.1302235138937139,0.05,0.27281280567505584
susceptible,0.1310749316574389,0.05,0.1533611419188944
susceptible,0.1287374509135471,0.05,0.12161912528059143
susceptible,0.13721667829060896,0.05,0.2717186502675563
susceptible,0.07224337175456644,0.05,0.26331732111938577
susceptible,0.0960303234678942,0.05,0.16103817346772012
susceptible,0.12953454991528618,0.05,0.14551909748155406
susceptible,0.05236644347014516,0.05,0.13862595766554173
susceptible,0.08282619511977066,0.05,0.27287058840605727
susceptible,0.14668891040483611,0.05,0.1558249985443743
susceptible,0.11414817386076277,0.05,0.17993567687201217
susceptible,0.148114968719826,0.05,0.20724314649574438
susceptible,0.14392371403247156,0.05,0.12306835037028552
susceptible,0.14704006110222279,0.05,0.13571356323449274
susceptible,0.14625343157615556,0.05,0.15309327250459373
susceptible,0.060840254721471115,0.05,0.18691275171292887
susceptible,0.12285450606527043,0.05,0.16273546283899826
susceptible,0.11062088533061432,0.05,0.20228461193389563
susceptible,0.08851954333447272,0.05,0.2153176086993199
susceptible,0.07547225061385819,0.05,0.24175705676683412
susceptible,0.05016912782186295,0.05,0.28511503309981656
susceptible,0.10384519970927919,0.05,0.2438859998289691
susceptible,0.12419500778394765,0.05,0.2341257008865999
susceptible,0.08642214717812642,0.05,0.11399476222526204
susceptible,0.11642376849112723,0.05,0.16604000720851927
susceptible,0.08139156450583597,0.05,0.2696030559012671
susceptible,0.12197542630139502,0.05,0.16006445364225283
susceptible,0.08092846622086533,0.05,0.18167858172384338
susceptible,0.09024003870577246,0.05,0.1591310405051894
susceptible,0.06272877990591533,0.05,0.18408926675458165
susceptible,0.1440363670730183,0.05,0.2354635890545466
susceptible,0.14028055457325828,0.05,0.2231029831902761
susceptible,0.08009498745655654,0.05,0.20958744262713963
susceptible,0.05004059396972876,0.05,0.15738274337378544
susceptible,0.09298881499898345,0.05,0.2159969562391364
susceptible,0.11547056237030716,0.05,0.19299763804940284
susceptible,0.09421597993048074,0.05,0.14274028019782006
susceptible,0.09731861859093263,0.05,0.28023616516565086
susceptible,0.12960247601267802,0.05,0.13393827923961094
susceptible,0.058479553672512175,0.05,0.2030904019830433
susceptible,0.11329408557657956,0.05,0.16703765108196017
susceptible,0.13184234645366644,0.05,0.2502276275081464
susceptible,0.1172795670557167,0.05,0.14492813319945766
susceptible,0.06991299327265767,0.05,0.10488507754536527
susceptible,0.07448425440783502,0.05,0.19502726884376104
susceptible,0.1349737694624732,0.05,0.11456564583691382
susceptible,0.09144410109977194,0.05,0.22595307614754273
susceptible,0.06944352367397093,0.05,0.23927085009810098
susceptible,0.0994377169010437,0.05,0.14879688791568776
susceptible,0.11560580111117841,0.05,0.10110896362760635
susceptible,0.1250964476618473,0.05,0.254009237714805
susceptible,0.060658729656353896,0.05,0.18502923878854682
susceptible,0.06758866817065316,0.05,0.29159320845590797
susceptible,0.10179577504437408,0.05,0.11004367702812819
susceptible,0.07491982796599717,0.05,0.2696672694703319
susceptible,0.09564618254701726,0.05,0.2602833203444529
susceptible,0.1167577732586353,0.05,0.29757849061328956
susceptible,0.10954523184694197,0.05,0.2900079216886312
susceptible,0.1391425925810437,0.05,0.22253046455235256
susceptible,0.1219273961275967,0.05,0.2009556329648804
susceptible,0.1330569169721415,0.05,0.20957439012216567
susceptible,0.13972081032332623,0.05,0.24873108843191696
susceptible,0.09746744368230534,0.05,0.15183830969300388
susceptible,0.07472397375096596,0.05,0.22753228735523126
susceptible,0.12658136842971654,0.05,0.20425996256559642
susceptible,0.11267484369817812,0.05,0.15491948938350766
susceptible,0.05774833538647359,0.05,0.1571456301726305
susceptible,0.07717151070821845,0.05,0.16394191368375247
susceptible,0.10401522225184565,0.05,0.12767481230323113
susceptible,0.07312614797281868,0.05,0.23878996245981046
susceptible,0.12064191416945522,0.05,0.11284577014277562
susceptible,0.09075993696665867,0.05,0.20852222810078308
susceptible,0.09157742341031559,0.05,0.14136687790288205
susceptible,0.09201435177734256,0.05,0.28096769566803537
susceptible,0.10840794142042251,0.05,0.2391045972995936
susceptible,0.13567320323039342,0.05,0.25311891522361385
susceptible,0.08803810289277117,0.05,0.10117921671679862
susceptible,0.08517588026718247,0.05,0.2506950250118771
susceptible,0.13534479505691044,0.05,0.2906860676940213
susceptible,0.09190212826298219,0.05,0.24950313379561015
susceptible,0.1046132309733839,0.05,0.22065051778824826
susceptible,0.07205386943238189,0.05,0.14388432692428724
susceptible,0.09358359760466366,0.05,0.10580496398934305
susceptible,0.08361295436983825,0.05,0.23582837700566994
susceptible,0.09043166691376371,0.05,0.13300894624070175
susceptible,0.096739014923231,0.05,0.12552555945623214
susceptible,0.11222569609740646,0.05,0.10539329038102754
susceptible,0.08940202563397047,0.05,0.21287839660495483
susceptible,0.05271020463403125,0.05,0.22854992960186715
susceptible,0.06356994872305642,0.05,0.19233968881030233
susceptible,0.05502846334886276,0.05,0.17582077283762793
susceptible,0.07116602842114815,0.05,0.1653691609762617
susceptible,0.1261229707894027,0.05,0.17582524311282727
susceptible,0.1252009823554785,0.05,0.2663848570310545
susceptible,0.07522715317823805,0.05,0.11638124655232851
susceptible,0.05193832870500107,0.05,0.20788380958450675
susceptible,0.14999078285092093,0.05,0.16999206874403677
susceptible,0.1150144093249875,0.05,0.25624660992217896
susceptible,0.11517546552438894,0.05,0.2508466408119052
susceptible,0.14496117327159888,0.05,0.13987213647250657
susceptible,0.05203800173203324,0.05,0.13047646915695807
susceptible,0.06262209748742062,0.05,0.23389176892398214
susceptible,0.1063969581930019,0.05,0.14359290818130072
susceptible,0.11994649712461508,0.05,0.2533796196712481
susceptible,0.06677891433678022,0.05,0.22144949877818632
susceptible,0.12479256519552857,0.05,0.12290657427577954
susceptible,0.1319301174311085,0.05,0.29294415460681755
susceptible,0.06080987496576066,0.05,0.10513568509949321
susceptible,0.08119572443946951,0.05,0.23546945737008176
susceptible,0.1458172838205896,0.05,0.17933088830332547
susceptible,0.12150147050494683,0.05,0.115199295568612
susceptible,0.11906144159329803,0.05,0.22544847912020888
susceptible,0.06019013054459765,0.05,0.2544961769902448
susceptible,0.13502932390887962,0.05,0.22008232296336883
susceptible,0.062105506506731516,0.05,0.29676887030293425
susceptible,0.12826353463610196,0.05,0.1694407530616898
susceptible,0.09283780132347444,0.05,0.17411417524361122
susceptible,0.10059607896770778,0.05,0.16824623497225663
susceptible,0.13495756269995773,0.05,0.2644661836180116
susceptible,0.06055388706439986,0.05,0.29215751344291574
susceptible,0.11355851061014459,0.05,0.26574146220049166
susceptible,0.12073086437060769,0.05,0.18709742900153542
susceptible,0.12337953040133919,0.05,0.29309474624761556
susceptible,0.07700823963874008,0.05,0.2616398437613512
susceptible,0.10381729064482557,0.05,0.19669950077663922
susceptible,0.09355744930038942,0.05,0.24620524286102444
susceptible,0.07683955380492254,0.05,0.2703426320038663
susceptible,0.13307310188906035,0.05,0.11733257961113489
susceptible,0.13816311840027717,0.05,0.1487726878381912
susceptible,0.09647084666032317,0.05,0.2220663408461041
susceptible,0.0878989304128264,0.05,0.10573999955401792
susceptible,0.1350952836312459,0.05,0.13636797143153837
susceptible,0.0712119850179739,0.05,0.2595664713656193
susceptible,0.08403388431642836,0.05,0.2760639959516451
susceptible,0.12011837503322016,0.05,0.15525371515123698
susceptible,0.051015111443867715,0.05,0.28961251555540624
susceptible,0.05856129619580213,0.05,0.24401493282083886
susceptible,0.09885778468487874,0.05,0.2516329306964933
susceptible,0.1190609339446523,0.05,0.22918057994819044
susceptible,0.0990821335078586,0.05,0.2585865736264635
susceptible,0.05930533505546717,0.05,0.14431928009450604
susceptible,0.11917871552952018,0.05,0.16124120602601769
susceptible,0.10815555853323672,0.05,0.19465209775190495
susceptible,0.10309219311457678,0.05,0.18510076254104296
susceptible,0.12459354367136095,0.05,0.16615825943918602
susceptible,0.12028549421857689,0.05,0.15418328539523926
susceptible,0.07514036762009416,0.05,0.12413117695046116
susceptible,0.06925842934515174,0.05,0.12391094825101057
susceptible,0.10358639653837498,0.05,0.25243792189682057
susceptible,0.0685149842437662,0.05,0.14327692797572114
susceptible,0.09841985872127088,0.05,0.24491700021861032
susceptible,0.1476607022883057,0.05,0.20492737382172155
susceptible,0.0782998703274955,0.05,0.12010522161815816
susceptible,0.06941175780910734,0.05,0.14549663269651095
susceptible,0.06794415436854033,0.05,0.10282967345121277
susceptible,0.10341350892676632,0.05,0.15486226535665346
susceptible,0.14742949311027378,0.05,0.21067179335972164
susceptible,0.11974173929101944,0.05,0.1252558985916818
susceptible,0.1368461197262944,0.05,0.19817573890475576
susceptible,0.13727197349985346,0.05,0.21481284392526645
susceptible,0.09693969449305101,0.05,0.18809375962720204
susceptible,0.06843636703900817,0.05,0.11027534343671558
susceptible,0.14410635967681032,0.05,0.19554583745313753
susceptible,0.13221156452994304,0.05,0.18014148845038797
susceptible,0.05740821702556398,0.05,0.22588914139039964
susceptible,0.055360907429253314,0.05,0.12983951689473103
susceptible,0.10628395970845642,0.05,0.16076710236844555
susceptible,0.149391812271022,0.05,0.12369031244229232
susceptible,0.12644434453261943,0.05,0.22126353024859255
susceptible,0.12907408298434192,0.05,0.14513742741300692
susceptible,0.10225725351302178,0.05,0.19010289297775085
susceptible,0.09427210040193283,0.05,0.27203333316523604
susceptible,0.14900312604667978,0.05,0.16107604886387208
susceptible,0.11210273210721486,0.05,0.22192618244902607
susceptible,0.1240089305484545,0.05,0.2895180400650756
susceptible,0.07077879058235513,0.05,0.1422050390610786
susceptible,0.11604281371920366,0.05,0.13141141867617542
susceptible,0.06738135483264344,0.05,0.11501297378023359
susceptible,0.05026757226028858,0.05,0.19010074092354046
susceptible,0.10938111951195632,0.05,0.15825185780620551
susceptible,0.07314762345560258,0.05,0.24139116597580665
susceptible,0.12029875580937172,0.05,0.19080626528140865
susceptible,0.11873849200712427,0.05,0.28478220889650974
susceptible,0.12878280266467312,0.05,0.22501160143284438
susceptible,0.11611830428533677,0.05,0.2867336916891027
susceptible,0.09251389661042117,0.05,0.20891247574211574
susceptible,0.11476347234024807,0.05,0.28168228904252124
susceptible,0.13266311596500596,0.05,0.11428196737116283
susceptible,0.06659227892207246,0.05,0.16152236252284652
susceptible,0.12489577220696232,0.05,0.21384140986381847
susceptible,0.07886105883058417,0.05,0.12487073163494165
susceptible,0.11886779912120937,0.05,0.23994673699514346
susceptible,0.14426762407440408,0.05,0.20009443542358513
susceptible,0.09937952193450843,0.05,0.1160883703798602
susceptible,0.05398607841836131,0.05,0.1864057328321545
susceptible,0.08223215833583,0.05,0.15007358048240077
susceptible,0.05913268866309852,0.05,0.2923822204385673
susceptible,0.13359586139061813,0.05,0.21503982184398607
susceptible,0.14507862778063524,0.05,0.29991448337549026
susceptible,0.11722815843032393,0.05,0.15390220519341077
susceptible,0.05402316731446162,0.05,0.2512537660825114
susceptible,0.09705008232516335,0.05,0.23030189788673727
susceptible,0.14160727879267676,0.05,0.13629782944462518
susceptible,0.10853296252778544,0.05,0.22695694389081736
susceptible,0.09917258021910133,0.05,0.11824848125876544
susceptible,0.08479610562946505,0.05,0.1666616787330184
susceptible,0.11701335095211854,0.05,0.2715466188800705
susceptible,0.08298036635789655,0.05,0.2387347347966865
susceptible,0.07882177953614558,0.05,0.2890387079126421
susceptible,0.13135660347379724,0.05,0.21001932179435656
susceptible,0.09548259086017294,0.05,0.16290343143403357
susceptible,0.08232737862759947,0.05,0.29403694536171543
susceptible,0.09041750570007456,0.05,0.20291925046582102
susceptible,0.1488119214781754,0.05,0.23153207729662578
susceptible,0.1042593594357195,0.05,0.1826495141598643
susceptible,0.06875825413945272,0.05,0.17235587183033504
susceptible,0.12564431540555737,0.05,0.22508174842900178
susceptible,0.1259990536061017,0.05,0.14071164767005478
susceptible,0.10492196390853317,0.05,0.28553455216888957
susceptible,0.09381160950723783,0.05,0.23965000582443444
susceptible,0.062142608336261985,0.05,0.29462936316433885
susceptible,0.11088716670819648,0.05,0.14785949246553007
susceptible,0.06583781638052325,0.05,0.21016780140053398
susceptible,0.1052251409053733,0.05,0.11864184025630452
susceptible,0.14922571393952194,0.05,0.2825859756968336
susceptible,0.09614478941787834,0.05,0.12349322981791151
susceptible,0.1332143173768901,0.05,0.19967510094143903
susceptible,0.1216603325991791,0.05,0.20177440301390234
susceptible,0.07734248967132742,0.05,0.26694478911533887
susceptible,0.14802446326033752,0.05,0.14874618121502767
susceptible,0.10512650768804696,0.05,0.17671720264942997
susceptible,0.14218681499315616,0.05,0.20164817831857879
susceptible,0.1379326255146476,0.05,0.27280538688571765
susceptible,0.07762474028220409,0.05,0.25800123640062267
susceptible,0.09149424235513451,0.05,0.286849678736504
susceptible,0.10077376758096565,0.05,0.26410989463711565
susceptible,0.07828389832828267,0.05,0.15971116995435344
susceptible,0.1086937722414161,0.05,0.29978046664586777
susceptible,0.0989640346655701,0.05,0.12971908367655782
susceptible,0.10385805777038737,0.05,0.16902478833860152
susceptible,0.1051917417070811,0.05,0.20868601259173458
susceptible,0.09553446168665011,0.05,0.16435547004580747
susceptible,0.06886523737071054,0.05,0.23949968552411427
susceptible,0.10717976419849011,0.05,0.14671248921157862
susceptible,0.1275544475099259,0.05,0.10872945981946039
susceptible,0.12447051515651959,0.05,0.2410455762050005
susceptible,0.13114089025648767,0.05,0.17721575049819646
susceptible,0.11636888294845346,0.05,0.26414951034191103
susceptible,0.14808181386597852,0.05,0.1990657299232847
susceptible,0.05370196113455762,0.05,0.2004582300265932
susceptible,0.10901804293095671,0.05,0.2739400626724431
susceptible,0.13741903740543082,0.05,0.18806124195413543
susceptible,0.10259510868075614,0.05,0.19138561489484845
susceptible,0.12224438275706426,0.05,0.18199572394927288
susceptible,0.11547813264277337,0.05,0.13087224375430978
susceptible,0.09694906009847319,0.05,0.29384072611484346
susceptible,0.08385612340514317,0.05,0.2385409197173764
susceptible,0.11498366525792726,0.05,0.27035305847013824
susceptible,0.13523413365658932,0.05,0.2718684368336533
susceptible,0.0880009397522655,0.05,0.16333223078667994
susceptible,0.1218717425222983,0.05,0.2518803618668727
susceptible,0.13723830173985363,0.05,0.10717981996753732
susceptible,0.056842074718155146,0.05,0.22623220337092811
susceptible,0.14209290987802967,0.05,0.29948518459124307
susceptible,0.1246766366737927,0.05,0.18679429438462514
susceptible,0.059844312638319797,0.05,0.22674956575615826
susceptible,0.13725792326070907,0.05,0.18873571033234116
susceptible,0.11940011627932345,0.05,0.2806848124100972
susceptible,0.054599096867721277,0.05,0.25922869303244234
susceptible,0.07933677759652089,0.05,0.17496821795506295
susceptible,0.06455697956993985,0.05,0.206233263629752
susceptible,0.10659280619159367,0.05,0.2585038947761906
susceptible,0.06699836490680974,0.05,0.11579367013199893
susceptible,0.13708395986448546,0.05,0.22394207370748306
susceptible,0.07408297918563131,0.05,0.2825658032047109
susceptible,0.06431177201285096,0.05,0.1922299826709995
susceptible,0.07539773394135423,0.05,0.1510653416318308
susceptible,0.050939743145487104,0.05,0.26092661539502926
susceptible,0.1401209423598883,0.05,0.23552217713981588
susceptible,0.0657975622071787,0.05,0.18834595672076287
susceptible,0.08455656244430818,0.05,0.21751434102528427
susceptible,0.11389387023600121,0.05,0.18486178769217954
susceptible,0.07500982244077012,0.05,0.2690607850285197
susceptible,0.06992169991088923,0.05,0.1769386497934691
susceptible,0.09832080610592162,0.05,0.14744114038551492
susceptible,0.10719226923507388,0.05,0.214962386035729
susceptible,0.14926920436268976,0.05,0.15904615077665388
susceptible,0.14779444845768624,0.05,0.23164596318573613
susceptible,0.07744803801782277,0.05,0.2131858033911398
susceptible,0.11857994927340121,0.05,0.24893376823306504
susceptible,0.054904425077599996,0.05,0.22128129861529489
susceptible,0.09967272865238702,0.05,0.2808310581787451
susceptible,0.07861941514591944,0.05,0.25977202390151977
susceptible,0.11070649981642659,0.05,0.1704641911670633
susceptible,0.11366178780058918,0.05,0.22417823262606082
susceptible,0.11777644586233595,0.05,0.2441856753341418
susceptible,0.11591815403167537,0.05,0.26766742339250327
susceptible,0.11282481036868983,0.05,0.2806807408145936
susceptible,0.11463406088905227,0.05,0.16178657679052721
susceptible,0.09408231901628115,0.05,0.21591476107368054
susceptible,0.12323597679392383,0.05,0.1180266751492438
susceptible,0.07951104516291553,0.05,0.2494961729876743
susceptible,0.06756400704443066,0.05,0.1264319595493567
susceptible,0.10394077589844211,0.05,0.294297916242268
susceptible,0.1030852373702785,0.05,0.2826973948963394
susceptible,0.13304726195673972,0.05,0.15139401691265247
susceptible,0.13246898125424073,0.05,0.19636956597474825
susceptible,0.13064884937937665,0.05,0.249311870143409
susceptible,0.08387152538018863,0.05,0.12303394148995189
susceptible,0.14628932928688776,0.05,0.12815140300117653
susceptible,0.14665002094627522,0.05,0.27202811937976434
susceptible,0.12242167120755182,0.05,0.2959884485563807
susceptible,0.14672697473000323,0.05,0.26091752880411234
susceptible,0.08657750494055663,0.05,0.2581363937177875
susceptible,0.05139186551009012,0.05,0.20731446165381182
susceptible,0.09547860277338746,0.05,0.2345656763747507
susceptible,0.11723407973510132,0.05,0.21691201833043322
susceptible,0.13224173012267743,0.05,0.28805837835591086
susceptible,0.06083461021992307,0.05,0.14676438044231663
susceptible,0.052502464964648235,0.05,0.27684696904297046
susceptible,0.10614073822498787,0.05,0.28305118174863186
susceptible,0.072136720007399,0.05,0.1126434082320391
susceptible,0.13238553513904477,0.05,0.2818775276855784
susceptible,0.08021901745292502,0.05,0.18165917115908253
susceptible,0.06397770125072211,0.05,0.28925230657638923
susceptible,0.08043645843560052,0.05,0.19852492379564118
susceptible,0.05971919986218216,0.05,0.27745186170570046
susceptible,0.06356640487063366,0.05,0.1907287513777785
susceptible,0.11704862188501712,0.05,0.2486280243046343
susceptible,0.1445974085779432,0.05,0.18382535068294456
susceptible,0.12422690147653158,0.05,0.13090458048196701
susceptible,0.0914884527436807,0.05,0.1198043269421057
susceptible,0.09893470377896145,0.05,0.1816231771395401
susceptible,0.14515215253810593,0.05,0.10654325737100939
susceptible,0.08705299587344353,0.05,0.18867661721214032
susceptible,0.14505551698514269,0.05,0.2710900386611909
susceptible,0.059935462460613036,0.05,0.23713605309625707
susceptible,0.10444658614821449,0.05,0.29556850589040934
susceptible,0.0858673841212318,0.05,0.1796279285488746
susceptible,0.06898085621610796,0.05,0.12443194381745276
susceptible,0.1348033188463681,0.05,0.19094347371410342
susceptible,0.11627687380619779,0.05,0.22834089344664352
susceptible,0.10971459595195451,0.05,0.10427149094727413
susceptible,0.12867945904546169,0.05,0.14871377943280473
susceptible,0.06259238853080429,0.05,0.21291559518159264
susceptible,0.05686101528243559,0.05,0.25303147517771685
susceptible,0.07071573703466585,0.05,0.14319027038373494
susceptible,0.13696954267695446,0.05,0.16571191068644608
susceptible,0.06475541799414437,0.05,0.2801062071263516
susceptible,0.05028355514800164,0.05,0.2716812252760352
susceptible,0.0644687980320508,0.05,0.12599842628868735
susceptible,0.07506541967281238,0.05,0.1348994241802787
susceptible,0.11610576425973168,0.05,0.10515602995723967
susceptible,0.05148603272307089,0.05,0.2579969328469508
susceptible,0.07379316060904631,0.05,0.1647542923924045
susceptible,0.06742462014061772,0.05,0.1104798035722353
susceptible,0.12417180569541494,0.05,0.20521710531957343
susceptible,0.12456652750339957,0.05,0.19524919308465005
susceptible,0.12780170393142026,0.05,0.2026475915218383
susceptible,0.06090540100038455,0.05,0.20076773795716427
susceptible,0.14454156429701062,0.05,0.10867300737983435
susceptible,0.12832269959803794,0.05,0.27339618155196765
susceptible,0.10214512147130841,0.05,0.19160850441953642
susceptible,0.14640261831220286,0.05,0.11216508149890117
susceptible,0.09789819109983633,0.05,0.1803234509025121
susceptible,0.11860974960622327,0.05,0.19805377082884507
susceptible,0.1409700829115229,0.05,0.1146981431532901
susceptible,0.05807904774107919,0.05,0.221659484726688
susceptible,0.05656822333201139,0.05,0.15500319991159064
susceptible,0.11330767243010155,0.05,0.20967128680967212
susceptible,0.0825185443318668,0.05,0.29892555117218467
susceptible,0.10305568374313245,0.05,0.19074308351509434
susceptible,0.11054267915353128,0.05,0.1198356923358084
susceptible,0.12017794185460662,0.05,0.270558547459115
susceptible,0.11509166648813053,0.05,0.2537925460209477
susceptible,0.12208399166575991,0.05,0.14300461326549938
susceptible,0.09515549159652814,0.05,0.14569871487291688
susceptible,0.08389316188351752,0.05,0.19069978058148945
susceptible,0.09159896502614953,0.05,0.11901716785512617
susceptible,0.0926764006260958,0.05,0.23302157261206177
susceptible,0.08743010234355368,0.05,0.13052778495374476
susceptible,0.14229850357343843,0.05,0.11342666162732956
susceptible,0.13317718884748544,0.05,0.11864602034073549
susceptible,0.05965644325657857,0.05,0.24775919969774313
susceptible,0.1311769285277392,0.05,0.21127414712307002
susceptible,0.1086465082739477,0.05,0.2123172827984145
susceptible,0.08296459814162051,0.05,0.12444625707091186
susceptible,0.08535980796337676,0.05,0.2330681040005831
susceptible,0.12502842502514783,0.05,0.273618429773813
susceptible,0.12210606787461493,0.05,0.2936797250622949
susceptible,0.1100410091224677,0.05,0.1703292371386298
susceptible,0.10779185183898549,0.05,0.1425477611344012
susceptible,0.11567363029881521,0.05,0.14484897382151313
susceptible,0.060821838192726664,0.05,0.269074683720269
susceptible,0.08675610506153501,0.05,0.2525211263873699
susceptible,0.10741000043314627,0.05,0.2614442742304689
susceptible,0.1345155161328358,0.05,0.2949093204251416
susceptible,0.13184268595406695,0.05,0.22271465610709296
susceptible,0.11426991638298313,0.05,0.10525076629071668
susceptible,0.14290842909949364,0.05,0.26589215799193255
susceptible,0.07674477251541106,0.05,0.1360832143921709
susceptible,0.12026987728656047,0.05,0.16179693776598203
susceptible,0.08398246567772584,0.05,0.10122115788073174
susceptible,0.13698627065364383,0.05,0.21326421895227526
susceptible,0.09007843439995156,0.05,0.12837493083025373
susceptible,0.11331720126555138,0.05,0.10613141967618119
susceptible,0.12461117620057068,0.05,0.14302657600670218
susceptible,0.0919832493764503,0.05,0.16817919635386655
susceptible,0.08700530924770039,0.05,0.24431919354853462
susceptible,0.12768356199667408,0.05,0.21351871132287945
susceptible,0.05849570399771793,0.05,0.11052176528510436
susceptible,0.06574098971071532,0.05,0.2235676363852061
susceptible,0.1173968710613113,0.05,0.15442056870924378
susceptible,0.11619386928082612,0.05,0.19713234097819926
susceptible,0.09420441866977791,0.05,0.1546333688729539
susceptible,0.12549431436683706,0.05,0.12276350162204036
susceptible,0.09299136333978902,0.05,0.15664929401608987
susceptible,0.1178486254760133,0.05,0.19732655067285015
susceptible,0.11671325587363496,0.05,0.10908347252088552
susceptible,0.0895263396087629,0.05,0.2198649913888901
susceptible,0.05076870858998829,0.05,0.16028387240368736
susceptible,0.07112339792203123,0.05,0.1274469610514654
susceptible,0.07555195040214593,0.05,0.16562447118756823
susceptible,0.050772990656931194,0.05,0.24940282468595357
susceptible,0.06756948018758423,0.05,0.17604148914304724
susceptible,0.12036712633826636,0.05,0.20005246931124263
susceptible,0.1333354202419878,0.05,0.26124003731335277
susceptible,0.05720754965921579,0.05,0.27235287240451767
susceptible,0.05423022615627914,0.05,0.10374830731712914
susceptible,0.14211624345024124,0.05,0.27242200272241324
susceptible,0.10757591607368311,0.05,0.2146799361771686
susceptible,0.12094989615689342,0.05,0.1835387919686961
susceptible,0.061517337266379826,0.05,0.10417131180494976
susceptible,0.08247681794455139,0.05,0.2602644308620904
susceptible,0.11181252633042402,0.05,0.26640518261434143
susceptible,0.14197697517413846,0.05,0.11762597625957694
susceptible,0.1344484359814697,0.05,0.14866329496454672
susceptible,0.1088871288302912,0.05,0.20479250860012632
susceptible,0.0895766696859333,0.05,0.16205491236717226
susceptible,0.08395132811484639,0.05,0.16661372449862638
susceptible,0.06681327080456866,0.05,0.20209665690842965
susceptible,0.06140266398385526,0.05,0.20199041246459437
susceptible,0.14059227315800504,0.05,0.16987505309447606
susceptible,0.12273791056739043,0.05,0.2637897203049704
susceptible,0.1315037005750014,0.05,0.14725376978934485
susceptible,0.06464442182776944,0.05,0.13945436056479665
susceptible,0.11023989852731658,0.05,0.2520430591093784
susceptible,0.1155509010518739,0.05,0.13542922578944583
susceptible,0.12728480892475602,0.05,0.19882340500347773
susceptible,0.1254445825246986,0.05,0.25197542992154964
susceptible,0.09489052569950629,0.05,0.28483085167713185
susceptible,0.10644917834027992,0.05,0.22705966381211867
susceptible,0.11245217794418948,0.05,0.27284937496628325
susceptible,0.11272174068997717,0.05,0.13019148027861538
susceptible,0.05682862584957561,0.05,0.18844161276725696
susceptible,0.0802820435139013,0.05,0.15493473349723183
susceptible,0.05561721202130781,0.05,0.20146737705795564
susceptible,0.08104078506063109,0.05,0.19038277274013643
susceptible,0.05568900508339524,0.05,0.26633932633262425
susceptible,0.0576731001173455,0.05,0.2728500067850478
susceptible,0.13552933714560902,0.05,0.2230016776831147
susceptible,0.1007067817333955,0.05,0.19254233178545443
susceptible,0.10543163713383039,0.05,0.25836355945307166
susceptible,0.13958767655568027,0.05,0.18994674073018125
susceptible,0.13098159176979712,0.05,0.23036749092972197
susceptible,0.08215267628804283,0.05,0.1951258055886139
susceptible,0.06508610766956385,0.05,0.11237474002022015
susceptible,0.060350187727039165,0.05,0.27982536679115466
susceptible,0.08434377758382676,0.05,0.24286310983349252
susceptible,0.10045490015009573,0.05,0.13451178228727298
susceptible,0.07477437235982842,0.05,0.1875516548618466
susceptible,0.09394217917626244,0.05,0.2045496070531091
susceptible,0.06587462079815413,0.05,0.17457039642026542
susceptible,0.07828935786144178,0.05,0.18175387944946406
susceptible,0.08383671468414196,0.05,0.2195771724765979
susceptible,0.12892269315636645,0.05,0.22946107139386138
susceptible,0.05659118542797175,0.05,0.11890118950301887
susceptible,0.1178379344840081,0.05,0.15682939477562274
susceptible,0.12237336550024618,0.05,0.23131281728209557
susceptible,0.14063426971636772,0.05,0.27465593241210773
susceptible,0.08333620360605566,0.05,0.21654790291728393
susceptible,0.06414283805843178,0.05,0.16996415750716884
susceptible,0.14676965076927445,0.05,0.2396959925623762
susceptible,0.08919579843353603,0.05,0.21900824563031496
susceptible,0.14380021995657608,0.05,0.16191637748319218
susceptible,0.08766793060563002,0.05,0.2583323915727087
susceptible,0.13131847838148009,0.05,0.23402327999894448
susceptible,0.13289589728944645,0.05,0.24775493442589655
susceptible,0.11854144402775763,0.05,0.2052786679468348
susceptible,0.11460248207334879,0.05,0.18468127326442074
susceptible,0.08618280963467846,0.05,0.17251953379640889
susceptible,0.06802629228768446,0.05,0.14283853224178006
susceptible,0.14476682675343466,0.05,0.19725418417454543
susceptible,0.07265430465338872,0.05,0.12751307063541586
susceptible,0.05771650843008763,0.05,0.26888567773717664
susceptible,0.06011407636678942,0.05,0.2541749440726202
susceptible,0.1335119826634556,0.05,0.2767364330985123
susceptible,0.05377474923575613,0.05,0.16735287439285632
susceptible,0.12663076044472416,0.05,0.12620980828590161
susceptible,0.08767198708225246,0.05,0.1324494424176901
susceptible,0.13313450566891255,0.05,0.25421956274619767
susceptible,0.13090437196393012,0.05,0.13310783314881175
susceptible,0.09376734051383467,0.05,0.1821717222993067
susceptible,0.11763629221885329,0.05,0.14750604028938502
susceptible,0.09441987098052756,0.05,0.15698558651267164
susceptible,0.12485365180954362,0.05,0.18978559260666805
susceptible,0.10340111496982611,0.05,0.16189357931255793
susceptible,0.13086238710907863,0.05,0.19380312100645053
susceptible,0.13351133927257075,0.05,0.17356819164500656
susceptible,0.1447130170244123,0.05,0.29688795870631546
susceptible,0.09616799784409891,0.05,0.15635434654075508
susceptible,0.08818724341907105,0.05,0.20549195769229653
susceptible,0.14662681532059474,0.05,0.263378247916248
susceptible,0.13012592241515475,0.05,0.12767970692068625
susceptible,0.0750003211589007,0.05,0.22823580724088943
susceptible,0.1374116945052237,0.05,0.21090814908488625
susceptible,0.06025897317484094,0.05,0.2691784553466877
susceptible,0.13511660480847787,0.05,0.1570126028118657
susceptible,0.12631168302916906,0.05,0.15455825991827132
susceptible,0.14053062089782412,0.05,0.12946973119832086
susceptible,0.09374725601949807,0.05,0.2892826526023521
susceptible,0.07220380069069807,0.05,0.1902255980441418
susceptible,0.0849585078138649,0.05,0.10533403816058771
susceptible,0.05532568871710745,0.05,0.2004014229386471
susceptible,0.07357780738634326,0.05,0.2989050702476582
susceptible,0.08749126734177676,0.05,0.10563750910563002
susceptible,0.1430825904749953,0.05,0.2678352575223211
susceptible,0.11499606842941816,0.05,0.2582761274964352
susceptible,0.06375995877258717,0.05,0.15737587946265363
susceptible,0.13297615831528226,0.05,0.23921439771519673
susceptible,0.06387926918181862,0.05,0.2411072350578161
susceptible,0.09486014739822465,0.05,0.10105023966112359
susceptible,0.05792257712707213,0.05,0.15118478568740895
susceptible,0.13349630992823808,0.05,0.20976084908876708
susceptible,0.12272347853249317,0.05,0.20555430117734486
susceptible,0.06111868603242385,0.05,0.15762031560784612
susceptible,0.080115119458622,0.05,0.10954988932377026
susceptible,0.0919825543753443,0.05,0.2587798217278876
susceptible,0.09571136166364486,0.05,0.12217157905800301
susceptible,0.14051468856619986,0.05,0.21934780856378938
susceptible,0.05164353522058945,0.05,0.2030751460418812
susceptible,0.07419381344209933,0.05,0.12871536804925202
susceptible,0.09292388931033338,0.05,0.22296191655519013
susceptible,0.07405642388065435,0.05,0.18331351904170795
susceptible,0.1164371301742009,0.05,0.11712279099745236
susceptible,0.14746544909522216,0.05,0.11353586458176922
susceptible,0.10260594453221705,0.05,0.20146553931595731
susceptible,0.14883314855964674,0.05,0.2108303904836391
susceptible,0.08904537325600641,0.05,0.1940270156316972
susceptible,0.113567079146863,0.05,0.29620788451031205
susceptible,0.07536502610692128,0.05,0.10324844622178952
susceptible,0.12885200162795152,0.05,0.16896049863267826
susceptible,0.12329410214506416,0.05,0.22565139249513128
susceptible,0.1271501374109859,0.05,0.24703739696246224
susceptible,0.08325186083719849,0.05,0.10886713765904164
susceptible,0.10460137452076915,0.05,0.2627017731112176
susceptible,0.06750891270517084,0.05,0.25582851869565626
susceptible,0.09646228997470377,0.05,0.23907785039921278
susceptible,0.11317358477583378,0.05,0.2622995363695213
susceptible,0.056310053703222465,0.05,0.25523807994068437
susceptible,0.09576795774473532,0.05,0.15868851423500624
susceptible,0.05438062756591231,0.05,0.13989396674303767
susceptible,0.054190594193038205,0.05,0.2866741959900795
susceptible,0.10153835892544988,0.05,0.2978245404592247
susceptible,0.10430306976541859,0.05,0.15066275304052348
susceptible,0.12532909188188648,0.05,0.13822068614678218
susceptible,0.08569741760353634,0.05,0.256168313395685
susceptible,0.13657982770780575,0.05,0.1663849372762689
susceptible,0.06244750082443834,0.05,0.1736038348629346
susceptible,0.13894865170122814,0.05,0.24866154110392424
susceptible,0.13946374949550533,0.05,0.17732895365213844
susceptible,0.1473723584315309,0.05,0.19924064530740454
susceptible,0.09975233924936272,0.05,0.2848620933253927
susceptible,0.1019275853534942,0.05,0.2602296174803548
susceptible,0.12270813243426357,0.05,0.11578540121109358
susceptible,0.11024532988302271,0.05,0.2644682559079773
susceptible,0.1045474397344637,0.05,0.16424228564291882
susceptible,0.05800689110749953,0.05,0.23218384429162733
susceptible,0.08064958560907524,0.05,0.22052432554611995
susceptible,0.09261160728830453,0.05,0.23795296168909724
susceptible,0.08515469837719922,0.05,0.10847103257002591
susceptible,0.13700371750563922,0.05,0.17051186206169647
susceptible,0.14981505977730492,0.05,0.1549110720149715
susceptible,0.14800272791942792,0.05,0.28958087572061725
susceptible,0.05750411649881593,0.05,0.22750250757665966
susceptible,0.08633111306509823,0.05,0.26021919511243397
susceptible,0.11794106078146899,0.05,0.2905578792559216
susceptible,0.06427794683625497,0.05,0.22151458066417107
susceptible,0.12813119697434666,0.05,0.10695979315970841
susceptible,0.05672333630621088,0.05,0.2557030747013731
susceptible,0.08663284731071486,0.05,0.17657088033775553
susceptible,0.10672446417241194,0.05,0.2210189657709571
susceptible,0.11790620569133949,0.05,0.2897647058531113
susceptible,0.08720133784706838,0.05,0.2526168943597159
susceptible,0.10739217783338956,0.05,0.20589197630725792
susceptible,0.089803404595245,0.05,0.2299121473412063
susceptible,0.0749611653093398,0.05,0.12268972251700361
susceptible,0.12356748594794277,0.05,0.19980879205129337
susceptible,0.08869873800392634,0.05,0.21233454215192943
susceptible,0.07617766765874959,0.05,0.15205795422798069
susceptible,0.09462731124056162,0.05,0.2992730224309521
susceptible,0.0785576877698158,0.05,0.28329578190837623
susceptible,0.0991200195254224,0.05,0.12452748438079418
susceptible,0.13528262903843224,0.05,0.19040853704907945
susceptible,0.139867903078623,0.05,0.18902223854849098
susceptible,0.05877907411047311,0.05,0.23638585205012744
susceptible,0.13455212189746996,0.05,0.16391755441999403
susceptible,0.08474252947385645,0.05,0.11298781566321424
susceptible,0.10421713612255623,0.05,0.2782663364707778
susceptible,0.1351362050753126,0.05,0.24236182080144253
susceptible,0.14273244567231777,0.05,0.22754000451280323
susceptible,0.12936963838450027,0.05,0.20175114903486013
susceptible,0.06213624550784569,0.05,0.14019607423553715
susceptible,0.06388768720383657,0.05,0.2580746121615498
susceptible,0.05262840268082657,0.05,0.210804287451919
susceptible,0.08689111655012208,0.05,0.26073234525771727
susceptible,0.10516469339264276,0.05,0.2223896725241042
susceptible,0.05862154816519327,0.05,0.16185814350569244
susceptible,0.1499595043934387,0.05,0.2437739319781439
susceptible,0.10256956548303,0.05,0.2538329100749396
susceptible,0.13233393995083906,0.05,0.1147501425822478
susceptible,0.1472379731513766,0.05,0.22846771787727627
susceptible,0.0949974495662996,0.05,0.2360217981299162
susceptible,0.08445147807026997,0.05,0.27559203033008234
susceptible,0.12802629288383083,0.05,0.2279587858733326
susceptible,0.06819631365521374,0.05,0.29325292278682136
susceptible,0.09326182864819749,0.05,0.28214245418937745
susceptible,0.05554128500177771,0.05,0.12483222412780244
susceptible,0.06530154668102006,0.05,0.13293141597802483
susceptible,0.08226607511545556,0.05,0.24186642650584916
susceptible,0.08460230823418731,0.05,0.28818081098630693
susceptible,0.13949259168211242,0.05,0.26918674123117314
susceptible,0.0750605308981999,0.05,0.22701141827754917
susceptible,0.10508414154831397,0.05,0.12503405902538053
susceptible,0.0802824606108876,0.05,0.2066956059536761
susceptible,0.10025731447412627,0.05,0.13372718034954137
susceptible,0.14416069878685958,0.05,0.13083885337591264
susceptible,0.11587328733837543,0.05,0.2441265536874546
susceptible,0.11051389078618554,0.05,0.2685060008226778
susceptible,0.10636180344312957,0.05,0.2650472534653264
susceptible,0.052837348789887766,0.05,0.1090923606582684
susceptible,0.11414537338243601,0.05,0.2153542462954758
susceptible,0.11511299774855999,0.05,0.25339180018326224
susceptible,0.09165867836632462,0.05,0.22779823844177408
susceptible,0.0998038060136116,0.05,0.22543280205961685
susceptible,0.07896716568016057,0.05,0.291330033990881
susceptible,0.09829448181754194,0.05,0.2609376308431466
susceptible,0.11849908411956767,0.05,0.15948677428594846
susceptible,0.057297302550534585,0.05,0.1119826065869338
susceptible,0.09396054999204109,0.05,0.19685022602147184
susceptible,0.07040230135633987,0.05,0.22133205256412725
susceptible,0.0812582499246933,0.05,0.24367257702248749
susceptible,0.12341997548045468,0.05,0.2721554731508651
susceptible,0.14753741279148802,0.05,0.1261532303104773
susceptible,0.08705401980502912,0.05,0.21233024314967383
susceptible,0.08191158864031572,0.05,0.19329451340812728
susceptible,0.07674716744541824,0.05,0.14958377650510912
susceptible,0.05968116525605715,0.05,0.15804240099398031
susceptible,0.0884149833501606,0.05,0.2230754888327937
susceptible,0.07482702803811866,0.05,0.27306150034414356
susceptible,0.0659699662130161,0.05,0.16548716416023898
susceptible,0.10776870378935964,0.05,0.1625429841724546
susceptible,0.12631213751386283,0.05,0.19965310841198175
susceptible,0.10147248392314845,0.05,0.1997519416795308
susceptible,0.08085404820544292,0.05,0.10463525964327021
susceptible,0.14452328040692372,0.05,0.20108889260475432
susceptible,0.14666866305524753,0.05,0.14302888450524823
susceptible,0.08528950888563554,0.05,0.11010808092557839
susceptible,0.09948942035251762,0.05,0.27646789527364024
susceptible,0.1154260036889617,0.05,0.19411737067363916
susceptible,0.1036690749288927,0.05,0.26943447307869356
susceptible,0.09309277693475404,0.05,0.27649114618371856
susceptible,0.12275080633593918,0.05,0.25277135283239793
susceptible,0.0865937352517563,0.05,0.18011632420295132
susceptible,0.10702816438810292,0.05,0.13893106037754382
susceptible,0.10532229266211517,0.05,0.11470634994856838
susceptible,0.10042555291232047,0.05,0.25288082294144787
susceptible,0.0779720677623982,0.05,0.29781814012414454
susceptible,0.11803986401188607,0.05,0.12376220394471792
susceptible,0.1475082815413784,0.05,0.17878074254572143
susceptible,0.12948972283809457,0.05,0.16781705999051305
susceptible,0.14389485669553753,0.05,0.2509930344585588
susceptible,0.069905788155245,0.05,0.20182450324503642
susceptible,0.10000779035706439,0.05,0.10906067049341495
susceptible,0.06370363735675204,0.05,0.16660814107055344
susceptible,0.09737441503951899,0.05,0.19139771185657478
susceptible,0.11062605224038041,0.05,0.20310114642945076
susceptible,0.08279658476365262,0.05,0.2226136242129356
susceptible,0.06625020458769394,0.05,0.298123147512228
susceptible,0.12393193605736041,0.05,0.15984686850566365
susceptible,0.08363734521516783,0.05,0.26565787719147516
susceptible,0.10323398298758762,0.05,0.24174796128708756
susceptible,0.07997905647374137,0.05,0.2631497666487648
susceptible,0.08683578098657696,0.05,0.2347612784946033
susceptible,0.14798980311791618,0.05,0.21674042836975727
susceptible,0.1296754813930147,0.05,0.24506484251037106
susceptible,0.11880436512027716,0.05,0.10532943099276665
susceptible,0.09745902140850604,0.05,0.2934141392344102
susceptible,0.12829039914314214,0.05,0.2552324050344144
susceptible,0.10776343958641829,0.05,0.24428002245926134
susceptible,0.108352327704764,0.05,0.13410241234933187
susceptible,0.11290252411453636,0.05,0.2239471611002179
susceptible,0.1341167124958264,0.05,0.12955514166006638
susceptible,0.11807268950506788,0.05,0.10631410266841988
susceptible,0.14482051707843013,0.05,0.12197910426673937
susceptible,0.05189373675066126,0.05,0.16273849668917104
susceptible,0.06514312581193454,0.05,0.23810005218370509
susceptible,0.0910377409322705,0.05,0.25499446036141815
susceptible,0.14205209498972104,0.05,0.27456354178246406
susceptible,0.12358372712686813,0.05,0.11245625720288639
susceptible,0.06380824857852102,0.05,0.14146834099424893
susceptible,0.08250495344260547,0.05,0.2324453599428698
susceptible,0.10254771514000353,0.05,0.16275051974756344
susceptible,0.06731824238573278,0.05,0.2824248321848021
susceptible,0.08423270176818462,0.05,0.17085739772896255
susceptible,0.12719897841487407,0.05,0.24418491226545852
susceptible,0.11433090999994615,0.05,0.23866266200596417
susceptible,0.11100765800787515,0.05,0.1384528338273427
susceptible,0.07465191355273604,0.05,0.21161733016148082
susceptible,0.07248670379928167,0.05,0.2945821255181138
susceptible,0.07976145652769079,0.05,0.15780082748070498
susceptible,0.07072777948546402,0.05,0.24099765194803935
susceptible,0.0817040745018448,0.05,0.16976063484026133
susceptible,0.14337003747708005,0.05,0.2590810712004667
susceptible,0.0773457536755423,0.05,0.12437482114654302
susceptible,0.11766222457825457,0.05,0.1759388370748765
susceptible,0.14801605373213622,0.05,0.26367549202611246
susceptible,0.1454608863391461,0.05,0.26092316679131405
susceptible,0.07904526519929356,0.05,0.15752606832282798
susceptible,0.12141412874983953,0.05,0.1692727028191233
susceptible,0.09423761118648354,0.05,0.15128879509469642
susceptible,0.09790792630164832,0.05,0.1404136014401193
susceptible,0.10385779237086527,0.05,0.28660478675666157
susceptible,0.11961713006468226,0.05,0.12745459096018458
susceptible,0.11156770344144923,0.05,0.21736609971416304
susceptible,0.07424580384102868,0.05,0.2339667929786208
susceptible,0.10310414897327991,0.05,0.2275889146817275
susceptible,0.05524911068394628,0.05,0.18266027320965172
susceptible,0.12173580562502435,0.05,0.12010898095546958
susceptible,0.1270766058098279,0.05,0.10103628928142601
susceptible,0.10503525657796167,0.05,0.2858199360339956
susceptible,0.09069074515468835,0.05,0.2870064197192303
susceptible,0.1378399621514228,0.05,0.19548970408817928
susceptible,0.06994559746676017,0.05,0.2927828077781871
susceptible,0.08211677021191667,0.05,0.22917958357805396
susceptible,0.14079369587356222,0.05,0.11789214410230327
susceptible,0.10741333531753733,0.05,0.20703045537872095
susceptible,0.12231176782424233,0.05,0.28733387595012516
susceptible,0.14132297256698523,0.05,0.13501295509619263
susceptible,0.1382244973164833,0.05,0.13515774150777252
susceptible,0.1419634811850934,0.05,0.299434360617702
susceptible,0.08969945742782996,0.05,0.19907677946435154
susceptible,0.14366087447777626,0.05,0.2924262760166685
susceptible,0.1426039697896443,0.05,0.27534863358358463
susceptible,0.05092671684800998,0.05,0.21359237373289908
susceptible,0.0607300690773538,0.05,0.2965987776742013
susceptible,0.07845616523500462,0.05,0.29781989401774467
susceptible,0.10433004835569748,0.05,0.19878248406836382
susceptible,0.14385605017408723,0.05,0.2702119477155993
susceptible,0.096802076900629,0.05,0.13856227965476195
susceptible,0.06126467610201545,0.05,0.13249885250794774
susceptible,0.0958914471032361,0.05,0.15145297604590383
susceptible,0.06861990691280677,0.05,0.2473235790984514
susceptible,0.12907676644252558,0.05,0.21355624448418786
susceptible,0.12572827502575612,0.05,0.13509898276769294
susceptible,0.13561465042734577,0.05,0.279408552356795
susceptible,0.13269898252763096,0.05,0.2030561317919592
susceptible,0.05867377698483559,0.05,0.23385117068199082
susceptible,0.068478120104734,0.05,0.1281223751268597
susceptible,0.08236016700850828,0.05,0.149609416733429
susceptible,0.07607852770654439,0.05,0.1471042505603068
susceptible,0.1253756651781457,0.05,0.29080696453098254
susceptible,0.08019458396916147,0.05,0.24457650568019948
susceptible,0.051143573419416805,0.05,0.23073667341403972
susceptible,0.11927685904227388,0.05,0.11242486636010723
susceptible,0.06182248478039726,0.05,0.16136126840072396
susceptible,0.09054166129683973,0.05,0.2005040942476779
susceptible,0.1395118369816254,0.05,0.24071140702045118
susceptible,0.08109779483846603,0.05,0.12348314916895527
susceptible,0.14161303858506352,0.05,0.15900752003124935
susceptible,0.11146254481438489,0.05,0.1438257201870688
susceptible,0.06335687821968042,0.05,0.13063711293783584
susceptible,0.12477348371508565,0.05,0.22114778961781387
susceptible,0.09158456154312247,0.05,0.20984690176367293
susceptible,0.09708280768793115,0.05,0.20750353753864015
susceptible,0.11640944393396638,0.05,0.14368232453146518
susceptible,0.07474654293085778,0.05,0.25094790994497307
susceptible,0.13731350584877333,0.05,0.11637406129465498
susceptible,0.09467479774964832,0.05,0.2407532250311745
susceptible,0.057810272214744024,0.05,0.21283374445469494
susceptible,0.056175804755668385,0.05,0.2095298497421863
susceptible,0.10054870560925958,0.05,0.21454033484557294
susceptible,0.06498523813824143,0.05,0.16562352754844128
susceptible,0.1020341541184787,0.05,0.12324800443693285
susceptible,0.07054014855393616,0.05,0.2166295356882035
susceptible,0.05909416444516879,0.05,0.2020750708065669
susceptible,0.1308692083177237,0.05,0.1906864600359564
susceptible,0.10132478432016415,0.05,0.19135969514237522
susceptible,0.05577367809325248,0.05,0.19247566114778475
susceptible,0.13069153525543925,0.05,0.24465601596500045
susceptible,0.08959487099532575,0.05,0.2632906451866261
susceptible,0.12458044828318156,0.05,0.21566225301180708
susceptible,0.054528980272782884,0.05,0.1689057733124269
susceptible,0.05637599121120832,0.05,0.298824732095384
susceptible,0.14345827988849463,0.05,0.11380382923206277
susceptible,0.14337755625849308,0.05,0.10634697420461581
susceptible,0.09088669358192483,0.05,0.25379441251669654
susceptible,0.12658276829237117,0.05,0.2956666569848202
susceptible,0.11458808180971634,0.05,0.18407238777646556
susceptible,0.1492856598580879,0.05,0.1764959237702744
susceptible,0.13696202853107084,0.05,0.28135346230491454
susceptible,0.08756455338019876,0.05,0.23654607082030826
susceptible,0.1161792538125468,0.05,0.20786005278377204
susceptible,0.1153534098418702,0.05,0.16955397742783004
susceptible,0.06784736290041117,0.05,0.20745169727960022
susceptible,0.10288425395440093,0.05,0.2455716281812256
susceptible,0.07226902159662665,0.05,0.10069465898898156
susceptible,0.05227353273219666,0.05,0.15967259774059636
susceptible,0.1173499857776567,0.05,0.20888906780500416
susceptible,0.10319336084967587,0.05,0.26467208747515686
susceptible,0.07475120385037756,0.05,0.16923194699752536
susceptible,0.07756497277951273,0.05,0.2874820722270134
susceptible,0.12250239459089184,0.05,0.12256892775329548
susceptible,0.13094781835391944,0.05,0.1838481196983504
susceptible,0.12660534675139035,0.05,0.2767513243690749
susceptible,0.05156457963635496,0.05,0.14121632437004283
susceptible,0.060089671309250706,0.05,0.10671525515085617
susceptible,0.10977848967315526,0.05,0.24065725337298574
susceptible,0.05486763212437491,0.05,0.24810821569597233
susceptible,0.09022653508109063,0.05,0.14686785569751232
susceptible,0.07172692101775534,0.05,0.2727460485340113
susceptible,0.055644403502446094,0.05,0.20077916978818688
susceptible,0.07892634513539189,0.05,0.2631572513526633
susceptible,0.12315174831160182,0.05,0.1637807392738384
susceptible,0.10979176742772623,0.05,0.23450638028738272
susceptible,0.08206651153929831,0.05,0.16035288702884065
