dataset,trajectory_id,time,demand_obs_recon,demand_sim
train,0,0,2,5
train,0,1,5,4
train,0,2,0,4
train,0,3,7,5
train,0,4,5,4
train,0,5,5,3
train,0,6,1,5
train,0,7,7,2
train,0,8,6,5
train,0,9,3,5
train,0,10,3,4
train,0,11,6,4
train,0,12,6,8
train,0,13,5,5
train,0,14,7,7
train,0,15,8,11
train,0,16,5,8
train,0,17,9,7
train,0,18,2,6
train,0,19,6,3
train,0,20,8,7
train,0,21,4,2
train,0,22,5,5
train,0,23,2,5
train,0,24,7,5
train,0,25,5,5
train,0,26,2,5
train,0,27,4,4
train,0,28,9,10
train,0,29,3,7
train,0,30,6,6
train,0,31,4,5
train,0,32,6,5
train,0,33,7,11
train,0,34,7,6
train,0,35,5,5
train,0,36,4,8
train,0,37,7,9
train,0,38,5,5
train,0,39,7,4
train,0,40,2,6
train,0,41,8,7
train,0,42,4,6
train,0,43,4,11
train,0,44,5,6
train,0,45,5,5
train,0,46,4,8
train,0,47,11,8
train,0,48,3,6
train,0,49,3,7
train,0,50,0,8
train,0,51,6,4
train,0,52,3,3
train,0,53,3,11
train,0,54,8,3
train,0,55,3,8
train,0,56,3,8
train,0,57,7,4
train,0,58,9,6
train,0,59,2,6
train,0,60,5,7
train,1,0,9,6
train,1,1,4,8
train,1,2,0,5
train,1,3,4,1
train,1,4,4,8
train,1,5,4,2
train,1,6,9,6
train,1,7,6,7
train,1,8,4,2
train,1,9,2,4
train,1,10,2,4
train,1,11,1,9
train,1,12,7,9
train,1,13,4,6
train,1,14,3,6
train,1,15,7,5
train,1,16,5,6
train,1,17,6,3
train,1,18,7,4
train,1,19,10,3
train,1,20,4,3
train,1,21,5,7
train,1,22,2,7
train,1,23,3,2
train,1,24,6,4
train,1,25,2,8
train,1,26,3,10
train,1,27,7,7
train,1,28,2,12
train,1,29,1,4
train,1,30,8,2
train,1,31,3,3
train,1,32,5,3
train,1,33,6,7
train,1,34,7,5
train,1,35,6,4
train,1,36,3,1
train,1,37,8,4
train,1,38,5,6
train,1,39,5,4
train,1,40,4,3
train,1,41,4,6
train,1,42,5,11
train,1,43,9,10
train,1,44,2,6
train,1,45,9,3
train,1,46,5,7
train,1,47,5,8
train,1,48,4,5
train,1,49,6,8
train,1,50,4,8
train,1,51,7,8
train,1,52,1,7
train,1,53,3,10
train,1,54,7,7
train,1,55,6,4
train,1,56,7,6
train,1,57,3,5
train,1,58,4,7
train,1,59,4,7
train,1,60,4,7
train,2,0,4,7
train,2,1,7,1
train,2,2,0,7
train,2,3,5,5
train,2,4,7,3
train,2,5,3,2
train,2,6,7,2
train,2,7,7,7
train,2,8,3,3
train,2,9,1,4
train,2,10,6,4
train,2,11,3,10
train,2,12,5,7
train,2,13,8,4
train,2,14,3,3
train,2,15,6,4
train,2,16,4,6
train,2,17,4,8
train,2,18,8,4
train,2,19,0,4
train,2,20,5,3
train,2,21,8,7
train,2,22,6,6
train,2,23,1,7
train,2,24,3,3
train,2,25,10,5
train,2,26,4,8
train,2,27,9,5
train,2,28,6,11
train,2,29,3,5
train,2,30,1,7
train,2,31,5,9
train,2,32,8,4
train,2,33,5,8
train,2,34,5,11
train,2,35,6,7
train,2,36,5,6
train,2,37,4,7
train,2,38,3,4
train,2,39,5,11
train,2,40,5,9
train,2,41,6,8
train,2,42,4,14
train,2,43,3,4
train,2,44,6,2
train,2,45,6,3
train,2,46,6,5
train,2,47,3,5
train,2,48,5,6
train,2,49,4,9
train,2,50,7,12
train,2,51,9,7
train,2,52,5,8
train,2,53,3,4
train,2,54,3,5
train,2,55,1,9
train,2,56,3,11
train,2,57,2,7
train,2,58,6,11
train,2,59,8,8
train,2,60,5,9
train,3,0,3,2
train,3,1,7,3
train,3,2,4,3
train,3,3,8,5
train,3,4,4,2
train,3,5,4,3
train,3,6,7,3
train,3,7,6,2
train,3,8,4,4
train,3,9,6,1
train,3,10,2,3
train,3,11,3,6
train,3,12,1,4
train,3,13,4,4
train,3,14,6,0
train,3,15,7,4
train,3,16,1,5
train,3,17,3,3
train,3,18,6,5
train,3,19,7,4
train,3,20,7,7
train,3,21,5,8
train,3,22,6,9
train,3,23,5,3
train,3,24,4,6
train,3,25,3,4
train,3,26,6,4
train,3,27,2,6
train,3,28,5,3
train,3,29,4,5
train,3,30,1,13
train,3,31,4,3
train,3,32,4,2
train,3,33,8,6
train,3,34,5,4
train,3,35,4,4
train,3,36,7,12
train,3,37,1,7
train,3,38,4,7
train,3,39,4,7
train,3,40,7,8
train,3,41,3,5
train,3,42,4,5
train,3,43,5,6
train,3,44,7,7
train,3,45,3,3
train,3,46,5,9
train,3,47,4,7
train,3,48,7,12
train,3,49,2,6
train,3,50,5,6
train,3,51,5,7
train,3,52,8,8
train,3,53,8,7
train,3,54,6,10
train,3,55,3,9
train,3,56,6,5
train,3,57,3,8
train,3,58,6,5
train,3,59,5,6
train,3,60,5,6
train,4,0,6,2
train,4,1,6,3
train,4,2,0,5
train,4,3,6,2
train,4,4,7,4
train,4,5,1,5
train,4,6,5,7
train,4,7,4,6
train,4,8,7,3
train,4,9,7,7
train,4,10,7,3
train,4,11,5,3
train,4,12,7,4
train,4,13,6,3
train,4,14,2,5
train,4,15,6,9
train,4,16,5,4
train,4,17,7,9
train,4,18,4,2
train,4,19,6,4
train,4,20,6,2
train,4,21,3,8
train,4,22,4,2
train,4,23,5,13
train,4,24,0,6
train,4,25,3,8
train,4,26,4,8
train,4,27,3,6
train,4,28,4,5
train,4,29,9,7
train,4,30,8,6
train,4,31,8,3
train,4,32,4,8
train,4,33,4,2
train,4,34,4,4
train,4,35,6,8
train,4,36,7,6
train,4,37,0,5
train,4,38,6,4
train,4,39,4,8
train,4,40,3,3
train,4,41,3,7
train,4,42,4,10
train,4,43,9,6
train,4,44,5,2
train,4,45,5,4
train,4,46,6,7
train,4,47,2,7
train,4,48,2,11
train,4,49,5,9
train,4,50,5,8
train,4,51,5,4
train,4,52,3,4
train,4,53,6,9
train,4,54,9,12
train,4,55,6,7
train,4,56,8,9
train,4,57,9,5
train,4,58,4,8
train,4,59,7,7
train,4,60,5,5
train,5,0,7,4
train,5,1,4,4
train,5,2,0,6
train,5,3,5,7
train,5,4,3,3
train,5,5,3,7
train,5,6,9,6
train,5,7,7,5
train,5,8,7,2
train,5,9,10,8
train,5,10,10,2
train,5,11,2,6
train,5,12,2,6
train,5,13,4,4
train,5,14,5,5
train,5,15,7,5
train,5,16,6,3
train,5,17,7,4
train,5,18,7,3
train,5,19,1,6
train,5,20,6,7
train,5,21,3,9
train,5,22,5,3
train,5,23,4,9
train,5,24,4,9
train,5,25,6,9
train,5,26,5,6
train,5,27,9,4
train,5,28,5,11
train,5,29,4,5
train,5,30,4,7
train,5,31,2,6
train,5,32,9,3
train,5,33,2,8
train,5,34,5,14
train,5,35,6,6
train,5,36,5,5
train,5,37,10,4
train,5,38,4,9
train,5,39,2,8
train,5,40,9,4
train,5,41,4,8
train,5,42,6,5
train,5,43,7,7
train,5,44,7,4
train,5,45,6,9
train,5,46,7,4
train,5,47,8,5
train,5,48,4,6
train,5,49,5,8
train,5,50,4,10
train,5,51,6,6
train,5,52,1,4
train,5,53,7,7
train,5,54,8,9
train,5,55,5,6
train,5,56,5,15
train,5,57,6,3
train,5,58,11,6
train,5,59,8,11
train,5,60,5,3
train,6,0,5,6
train,6,1,6,5
train,6,2,0,4
train,6,3,5,4
train,6,4,3,6
train,6,5,5,3
train,6,6,4,5
train,6,7,5,5
train,6,8,6,4
train,6,9,2,6
train,6,10,4,8
train,6,11,3,4
train,6,12,4,3
train,6,13,5,1
train,6,14,8,7
train,6,15,7,4
train,6,16,7,5
train,6,17,5,8
train,6,18,4,3
train,6,19,6,4
train,6,20,6,10
train,6,21,3,5
train,6,22,3,4
train,6,23,12,6
train,6,24,2,8
train,6,25,6,6
train,6,26,3,7
train,6,27,5,4
train,6,28,8,6
train,6,29,9,6
train,6,30,8,5
train,6,31,3,1
train,6,32,6,4
train,6,33,5,7
train,6,34,3,5
train,6,35,11,7
train,6,36,6,7
train,6,37,9,9
train,6,38,4,3
train,6,39,4,11
train,6,40,4,4
train,6,41,7,5
train,6,42,6,3
train,6,43,6,5
train,6,44,3,6
train,6,45,6,5
train,6,46,9,5
train,6,47,5,7
train,6,48,9,7
train,6,49,5,7
train,6,50,3,3
train,6,51,2,11
train,6,52,4,5
train,6,53,1,8
train,6,54,5,3
train,6,55,2,7
train,6,56,1,5
train,6,57,8,12
train,6,58,8,6
train,6,59,1,4
train,6,60,5,2
train,7,0,6,5
train,7,1,5,7
train,7,2,1,4
train,7,3,6,3
train,7,4,7,4
train,7,5,7,8
train,7,6,2,5
train,7,7,6,4
train,7,8,2,7
train,7,9,4,4
train,7,10,5,4
train,7,11,4,5
train,7,12,4,5
train,7,13,4,7
train,7,14,6,1
train,7,15,7,6
train,7,16,4,3
train,7,17,6,7
train,7,18,2,4
train,7,19,3,7
train,7,20,7,5
train,7,21,4,6
train,7,22,8,4
train,7,23,6,6
train,7,24,4,4
train,7,25,3,4
train,7,26,9,6
train,7,27,4,5
train,7,28,8,5
train,7,29,3,6
train,7,30,2,5
train,7,31,7,6
train,7,32,4,7
train,7,33,5,4
train,7,34,4,5
train,7,35,11,6
train,7,36,4,5
train,7,37,9,4
train,7,38,4,4
train,7,39,4,7
train,7,40,7,6
train,7,41,8,4
train,7,42,6,4
train,7,43,7,7
train,7,44,5,7
train,7,45,6,10
train,7,46,8,5
train,7,47,3,4
train,7,48,5,4
train,7,49,8,7
train,7,50,7,2
train,7,51,5,6
train,7,52,3,8
train,7,53,4,10
train,7,54,7,4
train,7,55,7,7
train,7,56,6,7
train,7,57,1,13
train,7,58,7,7
train,7,59,3,6
train,7,60,5,8
train,8,0,8,1
train,8,1,6,7
train,8,2,0,4
train,8,3,4,4
train,8,4,6,4
train,8,5,5,4
train,8,6,6,3
train,8,7,6,4
train,8,8,4,5
train,8,9,5,4
train,8,10,4,7
train,8,11,5,5
train,8,12,2,10
train,8,13,2,6
train,8,14,7,8
train,8,15,6,6
train,8,16,4,5
train,8,17,5,2
train,8,18,5,9
train,8,19,5,3
train,8,20,6,5
train,8,21,6,7
train,8,22,1,6
train,8,23,4,7
train,8,24,6,5
train,8,25,6,4
train,8,26,10,5
train,8,27,2,10
train,8,28,6,7
train,8,29,6,4
train,8,30,5,1
train,8,31,8,10
train,8,32,6,8
train,8,33,4,6
train,8,34,6,10
train,8,35,5,3
train,8,36,9,4
train,8,37,3,4
train,8,38,4,8
train,8,39,4,2
train,8,40,6,7
train,8,41,3,5
train,8,42,7,4
train,8,43,6,6
train,8,44,3,12
train,8,45,0,5
train,8,46,3,10
train,8,47,6,6
train,8,48,4,2
train,8,49,4,8
train,8,50,3,9
train,8,51,4,8
train,8,52,4,5
train,8,53,4,11
train,8,54,2,5
train,8,55,7,8
train,8,56,7,6
train,8,57,11,13
train,8,58,3,6
train,8,59,7,6
train,8,60,5,8
train,9,0,5,6
train,9,1,2,7
train,9,2,5,9
train,9,3,2,4
train,9,4,8,2
train,9,5,5,5
train,9,6,4,7
train,9,7,7,6
train,9,8,6,2
train,9,9,5,8
train,9,10,2,5
train,9,11,5,4
train,9,12,7,7
train,9,13,5,5
train,9,14,4,9
train,9,15,4,7
train,9,16,7,7
train,9,17,2,2
train,9,18,5,6
train,9,19,3,10
train,9,20,7,6
train,9,21,1,1
train,9,22,6,12
train,9,23,5,2
train,9,24,3,6
train,9,25,8,6
train,9,26,4,2
train,9,27,4,3
train,9,28,6,5
train,9,29,6,5
train,9,30,1,1
train,9,31,6,11
train,9,32,5,10
train,9,33,4,2
train,9,34,5,11
train,9,35,7,6
train,9,36,2,8
train,9,37,6,12
train,9,38,4,7
train,9,39,7,7
train,9,40,5,5
train,9,41,6,8
train,9,42,8,6
train,9,43,8,5
train,9,44,4,11
train,9,45,7,7
train,9,46,8,8
train,9,47,5,6
train,9,48,9,8
train,9,49,5,10
train,9,50,6,10
train,9,51,5,10
train,9,52,7,11
train,9,53,7,6
train,9,54,2,7
train,9,55,5,7
train,9,56,6,10
train,9,57,5,8
train,9,58,3,3
train,9,59,3,8
train,9,60,5,9
train,10,0,4,8
train,10,1,5,4
train,10,2,1,7
train,10,3,1,9
train,10,4,5,5
train,10,5,4,5
train,10,6,9,4
train,10,7,1,8
train,10,8,8,4
train,10,9,6,5
train,10,10,4,4
train,10,11,4,2
train,10,12,5,5
train,10,13,1,4
train,10,14,4,6
train,10,15,4,6
train,10,16,8,6
train,10,17,4,4
train,10,18,7,4
train,10,19,4,7
train,10,20,3,2
train,10,21,4,3
train,10,22,3,8
train,10,23,7,8
train,10,24,11,10
train,10,25,4,7
train,10,26,7,10
train,10,27,3,4
train,10,28,6,3
train,10,29,1,4
train,10,30,4,9
train,10,31,5,3
train,10,32,10,4
train,10,33,3,7
train,10,34,2,7
train,10,35,4,6
train,10,36,5,8
train,10,37,3,5
train,10,38,4,3
train,10,39,2,9
train,10,40,9,4
train,10,41,6,6
train,10,42,7,10
train,10,43,3,8
train,10,44,6,6
train,10,45,7,4
train,10,46,3,9
train,10,47,2,6
train,10,48,7,10
train,10,49,2,4
train,10,50,3,6
train,10,51,7,3
train,10,52,2,6
train,10,53,10,7
train,10,54,3,7
train,10,55,3,7
train,10,56,1,7
train,10,57,2,5
train,10,58,6,9
train,10,59,1,9
train,10,60,4,7
train,11,0,4,6
train,11,1,7,2
train,11,2,0,0
train,11,3,6,4
train,11,4,5,4
train,11,5,5,4
train,11,6,5,9
train,11,7,3,4
train,11,8,3,2
train,11,9,7,6
train,11,10,7,1
train,11,11,5,4
train,11,12,6,7
train,11,13,4,7
train,11,14,5,6
train,11,15,5,3
train,11,16,7,3
train,11,17,7,5
train,11,18,12,6
train,11,19,5,10
train,11,20,9,10
train,11,21,3,3
train,11,22,8,6
train,11,23,4,4
train,11,24,7,2
train,11,25,4,4
train,11,26,8,10
train,11,27,12,5
train,11,28,5,2
train,11,29,9,5
train,11,30,5,6
train,11,31,5,6
train,11,32,3,4
train,11,33,5,10
train,11,34,5,9
train,11,35,9,6
train,11,36,1,3
train,11,37,4,4
train,11,38,2,11
train,11,39,9,6
train,11,40,4,7
train,11,41,4,5
train,11,42,6,9
train,11,43,5,5
train,11,44,4,5
train,11,45,3,2
train,11,46,5,7
train,11,47,3,6
train,11,48,6,6
train,11,49,2,8
train,11,50,3,10
train,11,51,9,4
train,11,52,2,13
train,11,53,7,10
train,11,54,6,6
train,11,55,3,13
train,11,56,6,9
train,11,57,8,7
train,11,58,7,6
train,11,59,7,5
train,11,60,5,9
train,12,0,7,5
train,12,1,5,5
train,12,2,0,8
train,12,3,6,7
train,12,4,0,2
train,12,5,9,3
train,12,6,8,3
train,12,7,2,4
train,12,8,4,6
train,12,9,5,5
train,12,10,4,4
train,12,11,4,4
train,12,12,5,8
train,12,13,4,3
train,12,14,4,6
train,12,15,7,7
train,12,16,5,5
train,12,17,6,5
train,12,18,4,6
train,12,19,6,3
train,12,20,6,6
train,12,21,6,6
train,12,22,2,5
train,12,23,6,4
train,12,24,5,7
train,12,25,7,5
train,12,26,4,10
train,12,27,3,7
train,12,28,5,3
train,12,29,3,4
train,12,30,1,5
train,12,31,6,1
train,12,32,6,3
train,12,33,5,4
train,12,34,8,6
train,12,35,5,2
train,12,36,6,8
train,12,37,5,6
train,12,38,5,4
train,12,39,6,5
train,12,40,6,10
train,12,41,8,7
train,12,42,5,5
train,12,43,5,3
train,12,44,5,6
train,12,45,3,7
train,12,46,3,7
train,12,47,9,11
train,12,48,6,4
train,12,49,5,8
train,12,50,3,8
train,12,51,2,7
train,12,52,5,6
train,12,53,4,4
train,12,54,6,8
train,12,55,5,8
train,12,56,9,10
train,12,57,5,4
train,12,58,7,3
train,12,59,3,8
train,12,60,5,7
train,13,0,2,3
train,13,1,6,1
train,13,2,2,7
train,13,3,8,6
train,13,4,5,4
train,13,5,6,1
train,13,6,5,4
train,13,7,1,6
train,13,8,9,6
train,13,9,5,7
train,13,10,2,4
train,13,11,5,3
train,13,12,4,5
train,13,13,5,5
train,13,14,5,3
train,13,15,3,1
train,13,16,6,3
train,13,17,8,6
train,13,18,4,7
train,13,19,5,2
train,13,20,8,3
train,13,21,2,3
train,13,22,2,6
train,13,23,4,8
train,13,24,2,5
train,13,25,2,6
train,13,26,7,5
train,13,27,5,7
train,13,28,4,4
train,13,29,3,10
train,13,30,4,6
train,13,31,12,9
train,13,32,7,8
train,13,33,3,1
train,13,34,6,9
train,13,35,4,10
train,13,36,5,10
train,13,37,5,8
train,13,38,3,7
train,13,39,6,4
train,13,40,5,9
train,13,41,4,8
train,13,42,7,9
train,13,43,7,6
train,13,44,7,4
train,13,45,4,5
train,13,46,7,1
train,13,47,5,7
train,13,48,4,13
train,13,49,4,13
train,13,50,1,5
train,13,51,9,3
train,13,52,3,12
train,13,53,5,3
train,13,54,9,4
train,13,55,4,5
train,13,56,7,8
train,13,57,5,8
train,13,58,8,5
train,13,59,4,7
train,13,60,5,7
train,14,0,3,7
train,14,1,6,4
train,14,2,0,3
train,14,3,4,8
train,14,4,4,2
train,14,5,3,3
train,14,6,4,5
train,14,7,9,6
train,14,8,3,6
train,14,9,3,8
train,14,10,6,5
train,14,11,7,5
train,14,12,3,5
train,14,13,4,4
train,14,14,5,11
train,14,15,9,8
train,14,16,4,2
train,14,17,4,5
train,14,18,5,3
train,14,19,3,10
train,14,20,2,5
train,14,21,4,5
train,14,22,5,13
train,14,23,5,6
train,14,24,4,7
train,14,25,5,8
train,14,26,7,4
train,14,27,7,3
train,14,28,4,4
train,14,29,6,7
train,14,30,4,7
train,14,31,7,5
train,14,32,3,2
train,14,33,3,7
train,14,34,7,9
train,14,35,4,7
train,14,36,7,7
train,14,37,2,7
train,14,38,1,7
train,14,39,4,5
train,14,40,2,6
train,14,41,7,6
train,14,42,1,6
train,14,43,7,1
train,14,44,5,7
train,14,45,4,9
train,14,46,3,6
train,14,47,3,7
train,14,48,7,9
train,14,49,7,7
train,14,50,7,7
train,14,51,8,7
train,14,52,3,6
train,14,53,2,6
train,14,54,5,8
train,14,55,3,5
train,14,56,2,8
train,14,57,7,4
train,14,58,3,4
train,14,59,7,6
train,14,60,4,7
train,15,0,9,3
train,15,1,2,1
train,15,2,0,5
train,15,3,2,5
train,15,4,8,6
train,15,5,7,3
train,15,6,6,5
train,15,7,5,5
train,15,8,2,4
train,15,9,8,4
train,15,10,5,4
train,15,11,13,10
train,15,12,4,3
train,15,13,6,9
train,15,14,7,5
train,15,15,7,5
train,15,16,5,8
train,15,17,4,11
train,15,18,5,4
train,15,19,7,2
train,15,20,6,4
train,15,21,4,6
train,15,22,4,3
train,15,23,8,4
train,15,24,3,3
train,15,25,7,8
train,15,26,5,3
train,15,27,0,5
train,15,28,2,2
train,15,29,8,2
train,15,30,4,6
train,15,31,4,8
train,15,32,4,7
train,15,33,6,7
train,15,34,6,6
train,15,35,5,2
train,15,36,8,5
train,15,37,11,6
train,15,38,3,7
train,15,39,7,4
train,15,40,4,6
train,15,41,8,9
train,15,42,6,2
train,15,43,7,8
train,15,44,10,6
train,15,45,2,8
train,15,46,2,13
train,15,47,9,10
train,15,48,5,6
train,15,49,10,7
train,15,50,4,3
train,15,51,6,9
train,15,52,6,6
train,15,53,3,4
train,15,54,7,9
train,15,55,3,16
train,15,56,3,4
train,15,57,2,8
train,15,58,4,8
train,15,59,8,8
train,15,60,5,9
train,16,0,3,2
train,16,1,9,4
train,16,2,0,3
train,16,3,5,6
train,16,4,6,2
train,16,5,3,3
train,16,6,7,8
train,16,7,6,2
train,16,8,7,7
train,16,9,4,3
train,16,10,5,7
train,16,11,9,4
train,16,12,3,8
train,16,13,7,9
train,16,14,6,6
train,16,15,5,3
train,16,16,2,5
train,16,17,4,7
train,16,18,4,4
train,16,19,6,5
train,16,20,7,5
train,16,21,6,5
train,16,22,6,5
train,16,23,3,10
train,16,24,9,8
train,16,25,5,4
train,16,26,4,6
train,16,27,4,3
train,16,28,7,8
train,16,29,2,5
train,16,30,1,9
train,16,31,4,5
train,16,32,3,13
train,16,33,4,7
train,16,34,4,5
train,16,35,6,5
train,16,36,8,4
train,16,37,5,4
train,16,38,8,8
train,16,39,5,7
train,16,40,1,8
train,16,41,5,7
train,16,42,9,4
train,16,43,3,10
train,16,44,1,8
train,16,45,7,6
train,16,46,5,5
train,16,47,6,9
train,16,48,3,7
train,16,49,2,11
train,16,50,3,6
train,16,51,3,4
train,16,52,5,8
train,16,53,1,10
train,16,54,15,10
train,16,55,6,10
train,16,56,6,3
train,16,57,3,5
train,16,58,5,4
train,16,59,2,10
train,16,60,5,7
train,17,0,7,8
train,17,1,5,6
train,17,2,3,4
train,17,3,3,7
train,17,4,4,5
train,17,5,2,6
train,17,6,5,4
train,17,7,3,8
train,17,8,4,5
train,17,9,6,9
train,17,10,4,8
train,17,11,6,6
train,17,12,1,7
train,17,13,2,4
train,17,14,4,2
train,17,15,5,4
train,17,16,6,6
train,17,17,4,10
train,17,18,7,7
train,17,19,7,12
train,17,20,7,7
train,17,21,6,4
train,17,22,4,7
train,17,23,6,4
train,17,24,6,8
train,17,25,8,1
train,17,26,6,14
train,17,27,4,9
train,17,28,6,4
train,17,29,2,7
train,17,30,3,1
train,17,31,5,3
train,17,32,3,1
train,17,33,6,3
train,17,34,2,6
train,17,35,4,3
train,17,36,5,6
train,17,37,6,9
train,17,38,5,9
train,17,39,4,9
train,17,40,6,4
train,17,41,8,11
train,17,42,1,5
train,17,43,6,9
train,17,44,2,7
train,17,45,8,7
train,17,46,4,7
train,17,47,9,7
train,17,48,4,4
train,17,49,8,8
train,17,50,3,6
train,17,51,7,6
train,17,52,7,9
train,17,53,7,4
train,17,54,6,8
train,17,55,3,7
train,17,56,4,9
train,17,57,4,10
train,17,58,3,7
train,17,59,4,9
train,17,60,5,9
train,18,0,4,8
train,18,1,2,8
train,18,2,0,7
train,18,3,3,4
train,18,4,9,7
train,18,5,2,10
train,18,6,6,2
train,18,7,6,7
train,18,8,4,8
train,18,9,6,7
train,18,10,1,8
train,18,11,4,5
train,18,12,6,2
train,18,13,5,3
train,18,14,3,3
train,18,15,4,7
train,18,16,5,5
train,18,17,5,5
train,18,18,3,5
train,18,19,5,3
train,18,20,3,6
train,18,21,3,6
train,18,22,7,8
train,18,23,7,6
train,18,24,5,3
train,18,25,5,3
train,18,26,5,2
train,18,27,7,9
train,18,28,2,4
train,18,29,3,7
train,18,30,3,7
train,18,31,2,1
train,18,32,5,9
train,18,33,1,4
train,18,34,5,5
train,18,35,6,4
train,18,36,7,11
train,18,37,4,9
train,18,38,7,7
train,18,39,5,5
train,18,40,2,10
train,18,41,7,8
train,18,42,5,5
train,18,43,7,5
train,18,44,5,6
train,18,45,2,7
train,18,46,4,6
train,18,47,4,3
train,18,48,4,9
train,18,49,6,8
train,18,50,7,2
train,18,51,6,9
train,18,52,6,8
train,18,53,1,6
train,18,54,5,6
train,18,55,3,9
train,18,56,5,7
train,18,57,5,6
train,18,58,3,6
train,18,59,2,2
train,18,60,5,8
train,19,0,7,6
train,19,1,4,5
train,19,2,2,4
train,19,3,4,3
train,19,4,2,8
train,19,5,1,4
train,19,6,0,4
train,19,7,2,3
train,19,8,3,4
train,19,9,5,3
train,19,10,4,3
train,19,11,6,6
train,19,12,5,5
train,19,13,5,6
train,19,14,3,4
train,19,15,8,4
train,19,16,6,6
train,19,17,6,8
train,19,18,7,6
train,19,19,6,4
train,19,20,5,5
train,19,21,1,7
train,19,22,5,5
train,19,23,6,5
train,19,24,2,6
train,19,25,5,7
train,19,26,4,3
train,19,27,4,7
train,19,28,5,5
train,19,29,7,8
train,19,30,5,9
train,19,31,1,3
train,19,32,9,8
train,19,33,6,8
train,19,34,5,4
train,19,35,5,5
train,19,36,1,7
train,19,37,3,9
train,19,38,5,10
train,19,39,4,7
train,19,40,1,5
train,19,41,6,8
train,19,42,3,9
train,19,43,4,7
train,19,44,12,7
train,19,45,3,7
train,19,46,6,8
train,19,47,6,11
train,19,48,6,8
train,19,49,7,10
train,19,50,5,9
train,19,51,3,4
train,19,52,4,7
train,19,53,2,5
train,19,54,4,6
train,19,55,7,11
train,19,56,4,6
train,19,57,6,12
train,19,58,4,5
train,19,59,2,8
train,19,60,5,4
train,20,0,5,3
train,20,1,6,6
train,20,2,0,4
train,20,3,7,1
train,20,4,7,7
train,20,5,11,2
train,20,6,6,4
train,20,7,3,4
train,20,8,5,7
train,20,9,3,4
train,20,10,11,7
train,20,11,3,7
train,20,12,3,4
train,20,13,2,7
train,20,14,7,5
train,20,15,5,8
train,20,16,2,1
train,20,17,10,3
train,20,18,3,8
train,20,19,2,9
train,20,20,4,10
train,20,21,5,7
train,20,22,6,5
train,20,23,3,2
train,20,24,5,3
train,20,25,4,5
train,20,26,9,3
train,20,27,7,2
train,20,28,3,6
train,20,29,2,5
train,20,30,3,3
train,20,31,3,3
train,20,32,5,12
train,20,33,3,13
train,20,34,3,7
train,20,35,7,4
train,20,36,3,5
train,20,37,7,7
train,20,38,3,6
train,20,39,7,4
train,20,40,3,3
train,20,41,7,4
train,20,42,7,7
train,20,43,9,8
train,20,44,5,10
train,20,45,5,7
train,20,46,4,5
train,20,47,3,8
train,20,48,5,8
train,20,49,2,4
train,20,50,7,8
train,20,51,2,6
train,20,52,7,4
train,20,53,6,5
train,20,54,7,13
train,20,55,4,4
train,20,56,5,6
train,20,57,1,8
train,20,58,5,3
train,20,59,5,8
train,20,60,5,12
train,21,0,4,6
train,21,1,2,6
train,21,2,1,5
train,21,3,8,4
train,21,4,5,5
train,21,5,7,1
train,21,6,9,2
train,21,7,4,6
train,21,8,8,5
train,21,9,0,3
train,21,10,4,4
train,21,11,5,4
train,21,12,4,8
train,21,13,4,8
train,21,14,7,5
train,21,15,5,5
train,21,16,4,6
train,21,17,7,5
train,21,18,4,7
train,21,19,7,4
train,21,20,7,6
train,21,21,6,5
train,21,22,4,4
train,21,23,3,7
train,21,24,7,5
train,21,25,3,4
train,21,26,3,6
train,21,27,6,7
train,21,28,4,3
train,21,29,5,9
train,21,30,5,4
train,21,31,4,5
train,21,32,5,5
train,21,33,5,10
train,21,34,5,9
train,21,35,5,7
train,21,36,5,4
train,21,37,3,6
train,21,38,4,3
train,21,39,4,10
train,21,40,6,6
train,21,41,6,9
train,21,42,4,5
train,21,43,4,6
train,21,44,6,5
train,21,45,8,7
train,21,46,8,5
train,21,47,5,9
train,21,48,2,5
train,21,49,4,13
train,21,50,5,7
train,21,51,7,10
train,21,52,3,6
train,21,53,6,7
train,21,54,3,5
train,21,55,4,6
train,21,56,6,9
train,21,57,5,7
train,21,58,7,7
train,21,59,4,12
train,21,60,5,9
train,22,0,8,1
train,22,1,5,1
train,22,2,0,4
train,22,3,9,1
train,22,4,7,3
train,22,5,4,2
train,22,6,6,2
train,22,7,4,4
train,22,8,5,3
train,22,9,4,3
train,22,10,4,3
train,22,11,4,5
train,22,12,3,8
train,22,13,4,2
train,22,14,2,4
train,22,15,4,7
train,22,16,4,5
train,22,17,2,3
train,22,18,5,7
train,22,19,2,7
train,22,20,2,5
train,22,21,5,9
train,22,22,6,6
train,22,23,2,10
train,22,24,5,6
train,22,25,4,5
train,22,26,7,3
train,22,27,5,7
train,22,28,13,5
train,22,29,3,8
train,22,30,5,13
train,22,31,6,4
train,22,32,4,0
train,22,33,4,6
train,22,34,8,5
train,22,35,2,6
train,22,36,8,3
train,22,37,6,4
train,22,38,5,6
train,22,39,3,8
train,22,40,6,2
train,22,41,8,9
train,22,42,8,5
train,22,43,3,10
train,22,44,4,8
train,22,45,5,3
train,22,46,1,7
train,22,47,6,6
train,22,48,7,7
train,22,49,2,9
train,22,50,5,9
train,22,51,6,7
train,22,52,2,6
train,22,53,1,3
train,22,54,9,10
train,22,55,8,6
train,22,56,6,13
train,22,57,4,9
train,22,58,5,8
train,22,59,3,7
train,22,60,5,8
train,23,0,5,6
train,23,1,8,4
train,23,2,1,4
train,23,3,8,3
train,23,4,8,3
train,23,5,7,4
train,23,6,3,8
train,23,7,6,6
train,23,8,0,5
train,23,9,4,5
train,23,10,4,4
train,23,11,7,7
train,23,12,4,3
train,23,13,5,5
train,23,14,4,7
train,23,15,4,7
train,23,16,5,6
train,23,17,2,10
train,23,18,6,9
train,23,19,4,8
train,23,20,4,8
train,23,21,7,4
train,23,22,5,6
train,23,23,4,4
train,23,24,4,5
train,23,25,7,4
train,23,26,2,8
train,23,27,6,3
train,23,28,4,8
train,23,29,4,5
train,23,30,5,8
train,23,31,6,4
train,23,32,5,4
train,23,33,3,8
train,23,34,7,6
train,23,35,5,8
train,23,36,4,3
train,23,37,7,4
train,23,38,3,9
train,23,39,3,6
train,23,40,3,6
train,23,41,8,9
train,23,42,9,3
train,23,43,2,8
train,23,44,5,8
train,23,45,5,13
train,23,46,6,5
train,23,47,7,7
train,23,48,3,15
train,23,49,4,12
train,23,50,4,6
train,23,51,5,1
train,23,52,5,6
train,23,53,4,7
train,23,54,0,11
train,23,55,4,6
train,23,56,11,8
train,23,57,4,3
train,23,58,6,10
train,23,59,4,12
train,23,60,4,12
train,24,0,5,3
train,24,1,6,2
train,24,2,0,4
train,24,3,2,9
train,24,4,5,5
train,24,5,11,5
train,24,6,6,7
train,24,7,2,6
train,24,8,2,1
train,24,9,6,3
train,24,10,3,7
train,24,11,1,8
train,24,12,3,6
train,24,13,7,12
train,24,14,4,2
train,24,15,7,3
train,24,16,5,1
train,24,17,8,7
train,24,18,1,5
train,24,19,6,4
train,24,20,4,7
train,24,21,5,2
train,24,22,2,5
train,24,23,6,4
train,24,24,6,10
train,24,25,5,3
train,24,26,5,3
train,24,27,4,3
train,24,28,6,8
train,24,29,2,3
train,24,30,6,8
train,24,31,7,8
train,24,32,5,7
train,24,33,3,9
train,24,34,7,5
train,24,35,6,8
train,24,36,6,6
train,24,37,5,6
train,24,38,5,3
train,24,39,3,7
train,24,40,3,2
train,24,41,3,3
train,24,42,7,1
train,24,43,8,6
train,24,44,7,6
train,24,45,5,6
train,24,46,5,8
train,24,47,7,11
train,24,48,7,3
train,24,49,4,5
train,24,50,2,5
train,24,51,2,9
train,24,52,7,3
train,24,53,6,9
train,24,54,8,4
train,24,55,4,6
train,24,56,7,9
train,24,57,2,21
train,24,58,5,5
train,24,59,6,6
train,24,60,5,8
train,25,0,6,5
train,25,1,6,7
train,25,2,0,4
train,25,3,6,5
train,25,4,3,8
train,25,5,4,7
train,25,6,5,5
train,25,7,6,5
train,25,8,4,6
train,25,9,7,2
train,25,10,3,7
train,25,11,3,6
train,25,12,7,3
train,25,13,9,6
train,25,14,6,7
train,25,15,5,3
train,25,16,3,4
train,25,17,1,4
train,25,18,1,6
train,25,19,2,4
train,25,20,2,4
train,25,21,7,8
train,25,22,2,9
train,25,23,2,6
train,25,24,5,7
train,25,25,8,6
train,25,26,5,3
train,25,27,2,5
train,25,28,6,9
train,25,29,1,2
train,25,30,6,5
train,25,31,10,5
train,25,32,4,4
train,25,33,3,7
train,25,34,1,6
train,25,35,4,9
train,25,36,5,7
train,25,37,4,5
train,25,38,5,4
train,25,39,6,5
train,25,40,2,7
train,25,41,5,8
train,25,42,5,10
train,25,43,6,8
train,25,44,6,8
train,25,45,5,5
train,25,46,2,8
train,25,47,7,8
train,25,48,3,2
train,25,49,5,6
train,25,50,8,10
train,25,51,3,9
train,25,52,6,7
train,25,53,5,6
train,25,54,6,3
train,25,55,5,4
train,25,56,3,5
train,25,57,4,8
train,25,58,4,12
train,25,59,2,8
train,25,60,5,8
train,26,0,3,6
train,26,1,3,7
train,26,2,3,4
train,26,3,5,4
train,26,4,3,6
train,26,5,6,3
train,26,6,8,3
train,26,7,4,9
train,26,8,4,3
train,26,9,0,3
train,26,10,11,5
train,26,11,7,7
train,26,12,5,5
train,26,13,5,3
train,26,14,10,7
train,26,15,3,5
train,26,16,7,6
train,26,17,3,1
train,26,18,9,9
train,26,19,6,3
train,26,20,4,10
train,26,21,8,7
train,26,22,9,6
train,26,23,5,7
train,26,24,12,6
train,26,25,6,9
train,26,26,7,6
train,26,27,7,10
train,26,28,4,8
train,26,29,3,6
train,26,30,4,5
train,26,31,8,8
train,26,32,4,4
train,26,33,4,7
train,26,34,3,8
train,26,35,2,3
train,26,36,4,2
train,26,37,6,8
train,26,38,7,12
train,26,39,8,2
train,26,40,1,8
train,26,41,7,9
train,26,42,7,7
train,26,43,6,2
train,26,44,5,7
train,26,45,4,3
train,26,46,5,3
train,26,47,6,10
train,26,48,2,1
train,26,49,11,7
train,26,50,3,6
train,26,51,6,1
train,26,52,4,3
train,26,53,7,5
train,26,54,5,5
train,26,55,4,5
train,26,56,7,5
train,26,57,4,10
train,26,58,4,12
train,26,59,6,8
train,26,60,5,10
train,27,0,2,5
train,27,1,3,2
train,27,2,1,3
train,27,3,5,1
train,27,4,6,5
train,27,5,5,2
train,27,6,8,4
train,27,7,4,6
train,27,8,7,2
train,27,9,6,5
train,27,10,4,2
train,27,11,8,5
train,27,12,4,4
train,27,13,6,1
train,27,14,5,2
train,27,15,4,5
train,27,16,2,4
train,27,17,8,3
train,27,18,2,8
train,27,19,4,4
train,27,20,4,5
train,27,21,1,5
train,27,22,6,6
train,27,23,1,5
train,27,24,9,2
train,27,25,1,7
train,27,26,5,10
train,27,27,8,7
train,27,28,4,5
train,27,29,5,4
train,27,30,7,6
train,27,31,6,5
train,27,32,1,11
train,27,33,4,8
train,27,34,7,9
train,27,35,9,6
train,27,36,8,5
train,27,37,8,4
train,27,38,1,4
train,27,39,5,2
train,27,40,3,7
train,27,41,9,9
train,27,42,11,8
train,27,43,4,2
train,27,44,3,7
train,27,45,11,6
train,27,46,5,3
train,27,47,2,6
train,27,48,1,8
train,27,49,3,7
train,27,50,4,5
train,27,51,4,4
train,27,52,8,12
train,27,53,11,6
train,27,54,2,8
train,27,55,7,14
train,27,56,7,3
train,27,57,8,5
train,27,58,4,1
train,27,59,2,4
train,27,60,5,7
train,28,0,4,3
train,28,1,4,5
train,28,2,2,9
train,28,3,6,7
train,28,4,6,0
train,28,5,5,4
train,28,6,7,3
train,28,7,5,8
train,28,8,11,9
train,28,9,7,7
train,28,10,7,9
train,28,11,8,12
train,28,12,7,2
train,28,13,5,2
train,28,14,5,2
train,28,15,5,3
train,28,16,4,5
train,28,17,4,4
train,28,18,13,4
train,28,19,5,11
train,28,20,9,10
train,28,21,2,3
train,28,22,4,10
train,28,23,2,7
train,28,24,6,4
train,28,25,10,2
train,28,26,4,4
train,28,27,5,3
train,28,28,8,6
train,28,29,6,3
train,28,30,4,10
train,28,31,5,3
train,28,32,8,4
train,28,33,5,8
train,28,34,3,5
train,28,35,6,9
train,28,36,2,8
train,28,37,3,4
train,28,38,6,2
train,28,39,9,5
train,28,40,1,14
train,28,41,9,6
train,28,42,4,8
train,28,43,6,6
train,28,44,3,7
train,28,45,6,8
train,28,46,5,7
train,28,47,7,5
train,28,48,5,5
train,28,49,3,7
train,28,50,4,4
train,28,51,6,11
train,28,52,5,6
train,28,53,1,6
train,28,54,2,9
train,28,55,10,9
train,28,56,2,3
train,28,57,9,10
train,28,58,3,5
train,28,59,4,8
train,28,60,5,11
train,29,0,5,7
train,29,1,6,4
train,29,2,0,4
train,29,3,5,6
train,29,4,5,9
train,29,5,7,7
train,29,6,7,4
train,29,7,9,6
train,29,8,5,6
train,29,9,4,4
train,29,10,8,4
train,29,11,3,7
train,29,12,7,3
train,29,13,3,5
train,29,14,6,2
train,29,15,10,8
train,29,16,8,10
train,29,17,2,5
train,29,18,4,2
train,29,19,3,0
train,29,20,9,4
train,29,21,6,4
train,29,22,6,5
train,29,23,4,6
train,29,24,5,6
train,29,25,5,4
train,29,26,3,7
train,29,27,2,6
train,29,28,6,2
train,29,29,6,7
train,29,30,5,6
train,29,31,5,13
train,29,32,5,9
train,29,33,5,3
train,29,34,8,8
train,29,35,6,8
train,29,36,7,8
train,29,37,5,10
train,29,38,2,9
train,29,39,7,8
train,29,40,8,4
train,29,41,6,7
train,29,42,1,7
train,29,43,11,7
train,29,44,0,7
train,29,45,4,9
train,29,46,1,6
train,29,47,1,8
train,29,48,5,7
train,29,49,4,9
train,29,50,4,13
train,29,51,9,9
train,29,52,2,4
train,29,53,5,7
train,29,54,4,7
train,29,55,5,6
train,29,56,3,7
train,29,57,6,7
train,29,58,8,2
train,29,59,5,7
train,29,60,5,9
train,30,0,4,4
train,30,1,4,3
train,30,2,0,3
train,30,3,2,4
train,30,4,4,6
train,30,5,8,5
train,30,6,2,2
train,30,7,2,5
train,30,8,7,6
train,30,9,4,4
train,30,10,8,6
train,30,11,6,2
train,30,12,4,8
train,30,13,5,9
train,30,14,4,3
train,30,15,2,2
train,30,16,10,6
train,30,17,2,1
train,30,18,1,5
train,30,19,2,6
train,30,20,3,4
train,30,21,4,7
train,30,22,7,13
train,30,23,4,4
train,30,24,8,2
train,30,25,9,6
train,30,26,7,5
train,30,27,7,5
train,30,28,6,6
train,30,29,7,3
train,30,30,2,4
train,30,31,4,6
train,30,32,3,8
train,30,33,7,3
train,30,34,2,4
train,30,35,7,11
train,30,36,3,8
train,30,37,7,7
train,30,38,4,6
train,30,39,4,3
train,30,40,3,3
train,30,41,3,6
train,30,42,4,8
train,30,43,1,5
train,30,44,3,8
train,30,45,4,6
train,30,46,2,12
train,30,47,8,4
train,30,48,5,4
train,30,49,10,6
train,30,50,6,8
train,30,51,7,4
train,30,52,4,10
train,30,53,5,5
train,30,54,2,12
train,30,55,6,7
train,30,56,7,14
train,30,57,6,7
train,30,58,4,7
train,30,59,7,7
train,30,60,4,14
train,31,0,5,6
train,31,1,7,4
train,31,2,0,7
train,31,3,4,3
train,31,4,7,7
train,31,5,6,6
train,31,6,6,3
train,31,7,5,6
train,31,8,3,4
train,31,9,8,4
train,31,10,6,4
train,31,11,7,5
train,31,12,4,7
train,31,13,3,5
train,31,14,4,4
train,31,15,5,5
train,31,16,3,1
train,31,17,4,4
train,31,18,10,8
train,31,19,4,9
train,31,20,6,5
train,31,21,2,0
train,31,22,3,5
train,31,23,2,7
train,31,24,6,5
train,31,25,4,6
train,31,26,3,4
train,31,27,9,4
train,31,28,7,10
train,31,29,4,7
train,31,30,0,8
train,31,31,4,5
train,31,32,6,7
train,31,33,5,7
train,31,34,5,5
train,31,35,7,6
train,31,36,4,6
train,31,37,4,4
train,31,38,3,10
train,31,39,4,5
train,31,40,7,9
train,31,41,5,8
train,31,42,5,4
train,31,43,2,11
train,31,44,3,6
train,31,45,2,12
train,31,46,9,6
train,31,47,2,7
train,31,48,5,5
train,31,49,9,5
train,31,50,6,8
train,31,51,2,4
train,31,52,3,13
train,31,53,5,5
train,31,54,1,6
train,31,55,6,8
train,31,56,2,6
train,31,57,11,5
train,31,58,3,12
train,31,59,4,9
train,31,60,4,11
train,32,0,6,4
train,32,1,3,4
train,32,2,0,4
train,32,3,4,6
train,32,4,2,6
train,32,5,8,7
train,32,6,5,5
train,32,7,2,3
train,32,8,5,4
train,32,9,4,8
train,32,10,6,4
train,32,11,3,3
train,32,12,2,6
train,32,13,4,6
train,32,14,2,4
train,32,15,6,7
train,32,16,1,3
train,32,17,2,1
train,32,18,5,4
train,32,19,9,3
train,32,20,3,4
train,32,21,8,5
train,32,22,3,4
train,32,23,3,7
train,32,24,3,5
train,32,25,2,3
train,32,26,3,4
train,32,27,8,5
train,32,28,6,8
train,32,29,5,6
train,32,30,9,4
train,32,31,7,5
train,32,32,5,6
train,32,33,5,3
train,32,34,4,7
train,32,35,9,6
train,32,36,6,6
train,32,37,3,11
train,32,38,6,5
train,32,39,5,6
train,32,40,10,3
train,32,41,5,12
train,32,42,9,8
train,32,43,4,6
train,32,44,5,8
train,32,45,5,5
train,32,46,8,7
train,32,47,4,4
train,32,48,5,6
train,32,49,4,10
train,32,50,6,12
train,32,51,8,6
train,32,52,3,5
train,32,53,4,4
train,32,54,6,12
train,32,55,3,7
train,32,56,3,6
train,32,57,4,6
train,32,58,4,6
train,32,59,5,7
train,32,60,5,9
train,33,0,3,6
train,33,1,5,3
train,33,2,3,6
train,33,3,2,5
train,33,4,5,7
train,33,5,3,7
train,33,6,0,5
train,33,7,7,6
train,33,8,6,3
train,33,9,4,5
train,33,10,4,5
train,33,11,5,6
train,33,12,3,2
train,33,13,6,4
train,33,14,2,3
train,33,15,4,5
train,33,16,4,7
train,33,17,2,8
train,33,18,5,4
train,33,19,5,6
train,33,20,1,3
train,33,21,4,3
train,33,22,2,5
train,33,23,4,5
train,33,24,5,5
train,33,25,3,10
train,33,26,3,7
train,33,27,3,5
train,33,28,6,4
train,33,29,3,3
train,33,30,4,9
train,33,31,3,2
train,33,32,2,10
train,33,33,3,8
train,33,34,2,6
train,33,35,9,6
train,33,36,6,6
train,33,37,5,5
train,33,38,4,6
train,33,39,16,4
train,33,40,6,6
train,33,41,6,2
train,33,42,4,5
train,33,43,6,5
train,33,44,7,11
train,33,45,4,11
train,33,46,7,8
train,33,47,4,8
train,33,48,6,8
train,33,49,4,6
train,33,50,2,9
train,33,51,9,4
train,33,52,9,6
train,33,53,4,9
train,33,54,6,6
train,33,55,5,3
train,33,56,3,8
train,33,57,4,5
train,33,58,7,6
train,33,59,6,6
train,33,60,4,9
train,34,0,3,7
train,34,1,6,4
train,34,2,2,3
train,34,3,8,5
train,34,4,5,8
train,34,5,5,5
train,34,6,10,5
train,34,7,0,8
train,34,8,3,5
train,34,9,3,2
train,34,10,8,4
train,34,11,7,2
train,34,12,3,3
train,34,13,8,6
train,34,14,9,5
train,34,15,7,5
train,34,16,3,4
train,34,17,5,2
train,34,18,6,6
train,34,19,3,8
train,34,20,3,6
train,34,21,10,9
train,34,22,1,6
train,34,23,4,4
train,34,24,4,7
train,34,25,5,9
train,34,26,4,4
train,34,27,7,4
train,34,28,5,6
train,34,29,9,1
train,34,30,2,5
train,34,31,3,7
train,34,32,2,4
train,34,33,7,12
train,34,34,7,5
train,34,35,5,6
train,34,36,7,11
train,34,37,4,10
train,34,38,2,4
train,34,39,3,4
train,34,40,4,4
train,34,41,6,12
train,34,42,6,5
train,34,43,5,3
train,34,44,5,7
train,34,45,6,6
train,34,46,5,7
train,34,47,8,3
train,34,48,4,7
train,34,49,4,10
train,34,50,2,9
train,34,51,8,2
train,34,52,8,7
train,34,53,4,8
train,34,54,4,10
train,34,55,8,8
train,34,56,7,11
train,34,57,7,3
train,34,58,2,7
train,34,59,5,6
train,34,60,5,7
train,35,0,6,5
train,35,1,2,8
train,35,2,0,7
train,35,3,5,4
train,35,4,1,3
train,35,5,2,1
train,35,6,5,2
train,35,7,3,4
train,35,8,4,4
train,35,9,3,7
train,35,10,5,3
train,35,11,7,1
train,35,12,3,3
train,35,13,3,7
train,35,14,7,3
train,35,15,3,9
train,35,16,6,5
train,35,17,7,5
train,35,18,5,6
train,35,19,5,6
train,35,20,3,12
train,35,21,5,4
train,35,22,6,7
train,35,23,8,6
train,35,24,7,3
train,35,25,4,3
train,35,26,6,3
train,35,27,6,7
train,35,28,9,6
train,35,29,5,4
train,35,30,5,8
train,35,31,3,3
train,35,32,9,2
train,35,33,3,4
train,35,34,6,6
train,35,35,3,9
train,35,36,4,7
train,35,37,4,7
train,35,38,5,7
train,35,39,3,7
train,35,40,3,5
train,35,41,5,5
train,35,42,5,8
train,35,43,3,4
train,35,44,5,4
train,35,45,3,7
train,35,46,8,5
train,35,47,1,2
train,35,48,11,6
train,35,49,4,3
train,35,50,8,5
train,35,51,0,8
train,35,52,4,10
train,35,53,17,5
train,35,54,4,3
train,35,55,5,2
train,35,56,3,11
train,35,57,4,7
train,35,58,5,7
train,35,59,7,4
train,35,60,5,13
train,36,0,4,5
train,36,1,6,6
train,36,2,0,6
train,36,3,5,3
train,36,4,5,2
train,36,5,8,2
train,36,6,4,3
train,36,7,5,5
train,36,8,11,9
train,36,9,2,5
train,36,10,3,6
train,36,11,4,4
train,36,12,1,8
train,36,13,12,4
train,36,14,6,8
train,36,15,8,5
train,36,16,6,4
train,36,17,7,3
train,36,18,5,3
train,36,19,4,4
train,36,20,3,6
train,36,21,6,6
train,36,22,1,3
train,36,23,3,4
train,36,24,2,7
train,36,25,4,4
train,36,26,2,10
train,36,27,6,2
train,36,28,2,5
train,36,29,5,2
train,36,30,1,8
train,36,31,8,4
train,36,32,2,7
train,36,33,3,6
train,36,34,9,8
train,36,35,4,10
train,36,36,4,8
train,36,37,7,7
train,36,38,3,3
train,36,39,6,5
train,36,40,4,4
train,36,41,6,5
train,36,42,7,11
train,36,43,9,13
train,36,44,3,8
train,36,45,8,6
train,36,46,4,7
train,36,47,5,4
train,36,48,7,8
train,36,49,0,5
train,36,50,4,6
train,36,51,3,5
train,36,52,5,7
train,36,53,8,4
train,36,54,5,4
train,36,55,6,5
train,36,56,8,5
train,36,57,9,6
train,36,58,2,11
train,36,59,2,4
train,36,60,5,4
train,37,0,4,1
train,37,1,3,5
train,37,2,2,3
train,37,3,5,5
train,37,4,2,6
train,37,5,5,3
train,37,6,7,4
train,37,7,1,5
train,37,8,6,6
train,37,9,1,2
train,37,10,3,5
train,37,11,2,4
train,37,12,5,6
train,37,13,5,6
train,37,14,2,7
train,37,15,2,7
train,37,16,4,5
train,37,17,7,5
train,37,18,5,3
train,37,19,3,2
train,37,20,5,2
train,37,21,5,7
train,37,22,4,10
train,37,23,7,6
train,37,24,2,4
train,37,25,9,8
train,37,26,2,6
train,37,27,6,4
train,37,28,7,8
train,37,29,3,8
train,37,30,5,5
train,37,31,5,7
train,37,32,2,8
train,37,33,7,10
train,37,34,6,6
train,37,35,5,3
train,37,36,6,7
train,37,37,4,7
train,37,38,10,9
train,37,39,10,9
train,37,40,9,6
train,37,41,9,8
train,37,42,8,4
train,37,43,8,7
train,37,44,4,7
train,37,45,3,6
train,37,46,2,5
train,37,47,8,6
train,37,48,7,8
train,37,49,5,8
train,37,50,6,5
train,37,51,2,6
train,37,52,3,11
train,37,53,4,7
train,37,54,4,4
train,37,55,8,4
train,37,56,2,8
train,37,57,5,4
train,37,58,4,9
train,37,59,5,7
train,37,60,5,10
train,38,0,7,3
train,38,1,6,9
train,38,2,2,8
train,38,3,4,6
train,38,4,3,4
train,38,5,3,4
train,38,6,10,8
train,38,7,6,2
train,38,8,3,3
train,38,9,7,5
train,38,10,4,4
train,38,11,2,11
train,38,12,6,4
train,38,13,5,2
train,38,14,5,4
train,38,15,8,11
train,38,16,2,6
train,38,17,3,3
train,38,18,8,5
train,38,19,6,5
train,38,20,2,7
train,38,21,6,7
train,38,22,2,10
train,38,23,6,3
train,38,24,5,6
train,38,25,7,6
train,38,26,6,2
train,38,27,5,3
train,38,28,3,6
train,38,29,8,6
train,38,30,4,6
train,38,31,6,8
train,38,32,6,1
train,38,33,3,7
train,38,34,5,9
train,38,35,8,6
train,38,36,5,5
train,38,37,7,6
train,38,38,5,4
train,38,39,4,4
train,38,40,6,5
train,38,41,7,3
train,38,42,3,6
train,38,43,4,5
train,38,44,2,6
train,38,45,5,9
train,38,46,3,3
train,38,47,5,4
train,38,48,7,16
train,38,49,7,8
train,38,50,6,5
train,38,51,3,13
train,38,52,4,7
train,38,53,3,7
train,38,54,5,6
train,38,55,3,9
train,38,56,5,7
train,38,57,9,8
train,38,58,5,4
train,38,59,4,11
train,38,60,5,7
train,39,0,4,8
train,39,1,7,3
train,39,2,0,2
train,39,3,1,5
train,39,4,7,4
train,39,5,4,1
train,39,6,8,3
train,39,7,4,3
train,39,8,3,8
train,39,9,2,5
train,39,10,0,7
train,39,11,6,5
train,39,12,2,5
train,39,13,8,2
train,39,14,3,4
train,39,15,1,5
train,39,16,7,5
train,39,17,2,7
train,39,18,6,1
train,39,19,6,1
train,39,20,7,4
train,39,21,7,10
train,39,22,8,10
train,39,23,5,5
train,39,24,4,4
train,39,25,2,3
train,39,26,3,5
train,39,27,6,4
train,39,28,5,9
train,39,29,9,9
train,39,30,5,6
train,39,31,2,3
train,39,32,8,6
train,39,33,3,11
train,39,34,8,5
train,39,35,5,2
train,39,36,5,8
train,39,37,7,7
train,39,38,7,6
train,39,39,5,9
train,39,40,4,3
train,39,41,6,11
train,39,42,6,6
train,39,43,3,4
train,39,44,5,7
train,39,45,5,8
train,39,46,3,12
train,39,47,6,13
train,39,48,5,10
train,39,49,2,5
train,39,50,2,8
train,39,51,2,10
train,39,52,0,3
train,39,53,4,12
train,39,54,5,8
train,39,55,9,11
train,39,56,5,9
train,39,57,7,7
train,39,58,4,11
train,39,59,7,10
train,39,60,5,9
train,40,0,7,4
train,40,1,3,3
train,40,2,0,4
train,40,3,5,5
train,40,4,11,3
train,40,5,5,7
train,40,6,5,3
train,40,7,4,6
train,40,8,5,3
train,40,9,7,5
train,40,10,5,3
train,40,11,5,10
train,40,12,2,7
train,40,13,4,3
train,40,14,4,8
train,40,15,6,3
train,40,16,12,4
train,40,17,9,3
train,40,18,3,4
train,40,19,10,2
train,40,20,2,3
train,40,21,3,2
train,40,22,4,4
train,40,23,6,5
train,40,24,5,2
train,40,25,5,11
train,40,26,8,6
train,40,27,6,4
train,40,28,2,9
train,40,29,5,9
train,40,30,5,8
train,40,31,6,5
train,40,32,4,4
train,40,33,2,10
train,40,34,8,9
train,40,35,3,9
train,40,36,6,5
train,40,37,7,9
train,40,38,8,4
train,40,39,8,7
train,40,40,7,7
train,40,41,5,3
train,40,42,3,6
train,40,43,2,5
train,40,44,3,8
train,40,45,7,7
train,40,46,6,7
train,40,47,6,8
train,40,48,6,11
train,40,49,9,8
train,40,50,6,6
train,40,51,5,8
train,40,52,6,8
train,40,53,5,5
train,40,54,5,8
train,40,55,3,7
train,40,56,2,8
train,40,57,2,5
train,40,58,3,11
train,40,59,7,7
train,40,60,5,7
train,41,0,2,5
train,41,1,4,8
train,41,2,1,3
train,41,3,7,5
train,41,4,5,5
train,41,5,3,2
train,41,6,2,6
train,41,7,4,6
train,41,8,3,5
train,41,9,4,6
train,41,10,5,5
train,41,11,7,4
train,41,12,1,5
train,41,13,4,6
train,41,14,4,4
train,41,15,7,5
train,41,16,7,2
train,41,17,4,5
train,41,18,4,4
train,41,19,1,5
train,41,20,7,6
train,41,21,5,3
train,41,22,6,10
train,41,23,4,8
train,41,24,6,8
train,41,25,8,3
train,41,26,5,8
train,41,27,6,3
train,41,28,4,6
train,41,29,7,6
train,41,30,4,7
train,41,31,1,8
train,41,32,8,12
train,41,33,9,5
train,41,34,7,8
train,41,35,6,9
train,41,36,7,3
train,41,37,5,9
train,41,38,2,9
train,41,39,2,3
train,41,40,6,6
train,41,41,5,11
train,41,42,4,4
train,41,43,1,9
train,41,44,5,3
train,41,45,6,4
train,41,46,5,4
train,41,47,4,9
train,41,48,6,1
train,41,49,9,10
train,41,50,7,7
train,41,51,2,8
train,41,52,5,5
train,41,53,1,8
train,41,54,3,11
train,41,55,5,4
train,41,56,2,6
train,41,57,3,8
train,41,58,6,6
train,41,59,5,9
train,41,60,5,7
train,42,0,7,1
train,42,1,6,7
train,42,2,0,3
train,42,3,5,1
train,42,4,3,1
train,42,5,7,7
train,42,6,5,5
train,42,7,6,4
train,42,8,9,4
train,42,9,2,5
train,42,10,7,4
train,42,11,3,7
train,42,12,7,4
train,42,13,2,4
train,42,14,8,3
train,42,15,5,2
train,42,16,4,5
train,42,17,2,5
train,42,18,4,6
train,42,19,4,5
train,42,20,4,8
train,42,21,5,4
train,42,22,7,4
train,42,23,4,3
train,42,24,3,7
train,42,25,3,10
train,42,26,5,6
train,42,27,5,7
train,42,28,2,9
train,42,29,5,1
train,42,30,5,6
train,42,31,5,6
train,42,32,5,3
train,42,33,3,6
train,42,34,2,4
train,42,35,4,6
train,42,36,7,5
train,42,37,6,8
train,42,38,7,9
train,42,39,4,7
train,42,40,2,8
train,42,41,5,7
train,42,42,2,6
train,42,43,4,10
train,42,44,7,6
train,42,45,8,8
train,42,46,4,1
train,42,47,8,6
train,42,48,4,8
train,42,49,3,4
train,42,50,6,5
train,42,51,3,5
train,42,52,1,4
train,42,53,5,6
train,42,54,6,7
train,42,55,4,12
train,42,56,3,6
train,42,57,8,8
train,42,58,3,8
train,42,59,3,11
train,42,60,4,10
train,43,0,4,4
train,43,1,5,3
train,43,2,3,2
train,43,3,5,5
train,43,4,7,10
train,43,5,6,4
train,43,6,2,8
train,43,7,7,6
train,43,8,6,4
train,43,9,6,5
train,43,10,6,3
train,43,11,1,8
train,43,12,3,11
train,43,13,5,5
train,43,14,5,6
train,43,15,8,8
train,43,16,3,4
train,43,17,9,7
train,43,18,6,6
train,43,19,5,5
train,43,20,8,2
train,43,21,13,5
train,43,22,6,3
train,43,23,7,10
train,43,24,8,7
train,43,25,10,7
train,43,26,9,7
train,43,27,7,3
train,43,28,7,2
train,43,29,5,11
train,43,30,2,7
train,43,31,4,7
train,43,32,4,8
train,43,33,5,4
train,43,34,4,2
train,43,35,5,9
train,43,36,4,10
train,43,37,3,7
train,43,38,11,9
train,43,39,4,4
train,43,40,2,5
train,43,41,3,4
train,43,42,3,5
train,43,43,4,5
train,43,44,5,3
train,43,45,5,6
train,43,46,7,7
train,43,47,8,8
train,43,48,2,7
train,43,49,8,3
train,43,50,6,7
train,43,51,7,10
train,43,52,7,5
train,43,53,6,6
train,43,54,3,3
train,43,55,5,9
train,43,56,7,10
train,43,57,4,10
train,43,58,10,2
train,43,59,6,8
train,43,60,5,2
train,44,0,4,3
train,44,1,4,5
train,44,2,2,7
train,44,3,3,3
train,44,4,2,5
train,44,5,6,5
train,44,6,9,8
train,44,7,8,9
train,44,8,1,3
train,44,9,8,6
train,44,10,2,6
train,44,11,5,0
train,44,12,4,4
train,44,13,5,5
train,44,14,12,2
train,44,15,5,2
train,44,16,1,5
train,44,17,7,3
train,44,18,6,4
train,44,19,3,7
train,44,20,5,6
train,44,21,5,1
train,44,22,8,7
train,44,23,9,7
train,44,24,2,7
train,44,25,1,6
train,44,26,3,7
train,44,27,2,5
train,44,28,3,7
train,44,29,7,6
train,44,30,4,4
train,44,31,6,5
train,44,32,8,9
train,44,33,4,5
train,44,34,4,5
train,44,35,1,12
train,44,36,2,6
train,44,37,6,7
train,44,38,3,5
train,44,39,11,5
train,44,40,5,8
train,44,41,4,11
train,44,42,11,5
train,44,43,4,6
train,44,44,4,11
train,44,45,7,7
train,44,46,2,7
train,44,47,6,5
train,44,48,5,6
train,44,49,4,6
train,44,50,5,6
train,44,51,6,6
train,44,52,8,12
train,44,53,3,6
train,44,54,11,4
train,44,55,5,11
train,44,56,1,6
train,44,57,4,8
train,44,58,4,5
train,44,59,6,5
train,44,60,4,5
train,45,0,8,11
train,45,1,7,3
train,45,2,1,5
train,45,3,4,8
train,45,4,3,5
train,45,5,3,3
train,45,6,1,7
train,45,7,2,4
train,45,8,5,6
train,45,9,3,5
train,45,10,4,5
train,45,11,3,5
train,45,12,5,10
train,45,13,4,7
train,45,14,6,7
train,45,15,7,2
train,45,16,10,6
train,45,17,4,8
train,45,18,7,8
train,45,19,4,4
train,45,20,4,3
train,45,21,4,8
train,45,22,6,7
train,45,23,4,3
train,45,24,3,8
train,45,25,7,7
train,45,26,1,12
train,45,27,5,3
train,45,28,1,6
train,45,29,3,5
train,45,30,10,7
train,45,31,8,9
train,45,32,5,5
train,45,33,8,1
train,45,34,6,4
train,45,35,6,5
train,45,36,9,7
train,45,37,2,9
train,45,38,7,7
train,45,39,4,5
train,45,40,7,10
train,45,41,6,2
train,45,42,5,4
train,45,43,7,7
train,45,44,2,5
train,45,45,2,4
train,45,46,2,9
train,45,47,4,5
train,45,48,7,8
train,45,49,1,9
train,45,50,3,6
train,45,51,3,6
train,45,52,5,5
train,45,53,10,9
train,45,54,2,6
train,45,55,6,7
train,45,56,6,11
train,45,57,7,6
train,45,58,7,13
train,45,59,7,8
train,45,60,5,10
train,46,0,2,6
train,46,1,2,2
train,46,2,1,3
train,46,3,2,7
train,46,4,2,6
train,46,5,3,3
train,46,6,7,4
train,46,7,4,5
train,46,8,8,4
train,46,9,2,7
train,46,10,5,3
train,46,11,5,2
train,46,12,3,6
train,46,13,8,7
train,46,14,10,6
train,46,15,8,2
train,46,16,8,8
train,46,17,7,8
train,46,18,7,3
train,46,19,3,7
train,46,20,7,5
train,46,21,3,3
train,46,22,0,4
train,46,23,2,6
train,46,24,3,4
train,46,25,3,4
train,46,26,6,4
train,46,27,6,3
train,46,28,3,7
train,46,29,6,10
train,46,30,9,11
train,46,31,4,8
train,46,32,9,8
train,46,33,4,8
train,46,34,5,7
train,46,35,6,7
train,46,36,5,4
train,46,37,2,10
train,46,38,1,5
train,46,39,5,11
train,46,40,5,9
train,46,41,0,9
train,46,42,6,5
train,46,43,4,6
train,46,44,6,3
train,46,45,5,9
train,46,46,5,12
train,46,47,3,7
train,46,48,7,3
train,46,49,5,8
train,46,50,3,9
train,46,51,9,9
train,46,52,5,8
train,46,53,4,11
train,46,54,5,6
train,46,55,8,5
train,46,56,1,9
train,46,57,6,5
train,46,58,5,10
train,46,59,6,6
train,46,60,5,7
train,47,0,12,4
train,47,1,8,4
train,47,2,1,6
train,47,3,4,4
train,47,4,2,2
train,47,5,4,4
train,47,6,3,6
train,47,7,2,3
train,47,8,3,6
train,47,9,3,9
train,47,10,5,5
train,47,11,4,7
train,47,12,6,7
train,47,13,4,4
train,47,14,4,3
train,47,15,5,5
train,47,16,2,3
train,47,17,6,6
train,47,18,0,8
train,47,19,2,7
train,47,20,3,6
train,47,21,5,4
train,47,22,3,10
train,47,23,5,7
train,47,24,5,4
train,47,25,4,4
train,47,26,2,3
train,47,27,5,6
train,47,28,3,8
train,47,29,7,7
train,47,30,5,6
train,47,31,4,7
train,47,32,4,5
train,47,33,5,5
train,47,34,0,3
train,47,35,5,8
train,47,36,6,6
train,47,37,8,7
train,47,38,1,9
train,47,39,4,5
train,47,40,6,6
train,47,41,9,8
train,47,42,4,6
train,47,43,4,7
train,47,44,5,6
train,47,45,8,8
train,47,46,5,6
train,47,47,6,6
train,47,48,4,8
train,47,49,3,9
train,47,50,3,6
train,47,51,5,5
train,47,52,5,9
train,47,53,1,7
train,47,54,6,3
train,47,55,6,5
train,47,56,3,6
train,47,57,5,8
train,47,58,1,10
train,47,59,5,12
train,47,60,4,7
train,48,0,4,5
train,48,1,6,1
train,48,2,4,5
train,48,3,7,4
train,48,4,3,3
train,48,5,4,5
train,48,6,4,8
train,48,7,1,11
train,48,8,8,5
train,48,9,7,7
train,48,10,4,6
train,48,11,4,3
train,48,12,6,6
train,48,13,3,9
train,48,14,8,9
train,48,15,6,3
train,48,16,5,8
train,48,17,4,4
train,48,18,3,11
train,48,19,5,6
train,48,20,8,4
train,48,21,6,4
train,48,22,4,6
train,48,23,3,3
train,48,24,5,6
train,48,25,4,3
train,48,26,3,9
train,48,27,3,3
train,48,28,4,9
train,48,29,6,11
train,48,30,3,7
train,48,31,7,8
train,48,32,3,4
train,48,33,11,6
train,48,34,4,9
train,48,35,7,7
train,48,36,7,9
train,48,37,3,7
train,48,38,1,5
train,48,39,1,4
train,48,40,6,6
train,48,41,7,7
train,48,42,6,3
train,48,43,0,4
train,48,44,3,9
train,48,45,7,6
train,48,46,1,6
train,48,47,4,7
train,48,48,5,6
train,48,49,10,7
train,48,50,6,4
train,48,51,1,6
train,48,52,6,3
train,48,53,4,8
train,48,54,3,9
train,48,55,3,4
train,48,56,4,6
train,48,57,5,7
train,48,58,3,9
train,48,59,2,6
train,48,60,4,9
train,49,0,4,7
train,49,1,7,5
train,49,2,2,3
train,49,3,2,11
train,49,4,9,6
train,49,5,3,5
train,49,6,9,5
train,49,7,4,6
train,49,8,6,5
train,49,9,13,3
train,49,10,4,7
train,49,11,5,10
train,49,12,2,5
train,49,13,3,5
train,49,14,3,9
train,49,15,3,4
train,49,16,9,4
train,49,17,5,10
train,49,18,9,8
train,49,19,2,4
train,49,20,6,7
train,49,21,5,3
train,49,22,5,7
train,49,23,3,5
train,49,24,3,5
train,49,25,6,7
train,49,26,6,8
train,49,27,5,5
train,49,28,5,9
train,49,29,14,12
train,49,30,4,4
train,49,31,7,7
train,49,32,3,7
train,49,33,3,2
train,49,34,14,7
train,49,35,4,9
train,49,36,7,1
train,49,37,9,6
train,49,38,8,4
train,49,39,3,8
train,49,40,5,9
train,49,41,7,5
train,49,42,1,9
train,49,43,3,9
train,49,44,6,8
train,49,45,1,4
train,49,46,7,4
train,49,47,4,9
train,49,48,8,8
train,49,49,4,6
train,49,50,7,9
train,49,51,1,7
train,49,52,5,3
train,49,53,4,7
train,49,54,7,9
train,49,55,8,5
train,49,56,3,5
train,49,57,7,10
train,49,58,3,3
train,49,59,4,4
train,49,60,5,8
train,50,0,3,4
train,50,1,7,6
train,50,2,3,6
train,50,3,3,7
train,50,4,2,6
train,50,5,4,4
train,50,6,8,8
train,50,7,8,3
train,50,8,6,8
train,50,9,3,1
train,50,10,5,3
train,50,11,1,5
train,50,12,5,6
train,50,13,6,1
train,50,14,5,5
train,50,15,3,3
train,50,16,5,9
train,50,17,3,4
train,50,18,2,5
train,50,19,4,8
train,50,20,2,2
train,50,21,5,4
train,50,22,4,1
train,50,23,4,3
train,50,24,5,5
train,50,25,12,2
train,50,26,7,5
train,50,27,5,5
train,50,28,2,7
train,50,29,7,1
train,50,30,7,4
train,50,31,5,2
train,50,32,7,6
train,50,33,7,9
train,50,34,3,6
train,50,35,4,7
train,50,36,2,6
train,50,37,2,5
train,50,38,3,8
train,50,39,6,8
train,50,40,4,11
train,50,41,4,6
train,50,42,3,6
train,50,43,5,7
train,50,44,2,7
train,50,45,3,5
train,50,46,6,11
train,50,47,7,6
train,50,48,3,8
train,50,49,10,5
train,50,50,6,7
train,50,51,3,5
train,50,52,5,8
train,50,53,2,5
train,50,54,1,5
train,50,55,7,5
train,50,56,8,8
train,50,57,8,9
train,50,58,11,5
train,50,59,3,7
train,50,60,4,2
train,51,0,4,3
train,51,1,4,5
train,51,2,2,7
train,51,3,6,8
train,51,4,8,6
train,51,5,5,4
train,51,6,6,6
train,51,7,7,7
train,51,8,1,4
train,51,9,4,6
train,51,10,3,5
train,51,11,7,7
train,51,12,4,6
train,51,13,2,8
train,51,14,5,3
train,51,15,6,0
train,51,16,6,2
train,51,17,1,6
train,51,18,5,8
train,51,19,10,4
train,51,20,5,7
train,51,21,5,6
train,51,22,5,8
train,51,23,4,9
train,51,24,3,10
train,51,25,4,5
train,51,26,6,7
train,51,27,6,11
train,51,28,5,7
train,51,29,3,11
train,51,30,2,9
train,51,31,6,4
train,51,32,4,4
train,51,33,7,4
train,51,34,6,4
train,51,35,1,7
train,51,36,4,2
train,51,37,4,9
train,51,38,5,8
train,51,39,8,8
train,51,40,4,5
train,51,41,7,7
train,51,42,7,7
train,51,43,13,6
train,51,44,5,7
train,51,45,4,10
train,51,46,2,2
train,51,47,11,8
train,51,48,9,7
train,51,49,9,8
train,51,50,1,7
train,51,51,10,8
train,51,52,10,8
train,51,53,4,4
train,51,54,8,12
train,51,55,5,11
train,51,56,2,9
train,51,57,5,8
train,51,58,1,0
train,51,59,5,6
train,51,60,5,7
train,52,0,4,4
train,52,1,6,6
train,52,2,2,3
train,52,3,6,5
train,52,4,9,5
train,52,5,6,9
train,52,6,3,3
train,52,7,5,3
train,52,8,3,2
train,52,9,5,4
train,52,10,4,7
train,52,11,4,6
train,52,12,5,4
train,52,13,7,5
train,52,14,3,2
train,52,15,2,5
train,52,16,6,6
train,52,17,10,3
train,52,18,5,5
train,52,19,5,7
train,52,20,10,6
train,52,21,6,6
train,52,22,5,4
train,52,23,7,3
train,52,24,4,2
train,52,25,4,2
train,52,26,0,4
train,52,27,6,6
train,52,28,4,7
train,52,29,6,6
train,52,30,7,5
train,52,31,8,7
train,52,32,5,6
train,52,33,7,3
train,52,34,3,6
train,52,35,2,5
train,52,36,7,5
train,52,37,4,6
train,52,38,9,6
train,52,39,4,11
train,52,40,2,7
train,52,41,8,9
train,52,42,11,8
train,52,43,6,6
train,52,44,3,6
train,52,45,3,4
train,52,46,4,6
train,52,47,7,12
train,52,48,3,8
train,52,49,12,10
train,52,50,6,8
train,52,51,3,8
train,52,52,6,5
train,52,53,6,6
train,52,54,7,11
train,52,55,3,7
train,52,56,6,4
train,52,57,2,5
train,52,58,7,4
train,52,59,7,10
train,52,60,5,5
train,53,0,7,6
train,53,1,6,2
train,53,2,0,8
train,53,3,3,5
train,53,4,6,5
train,53,5,8,2
train,53,6,8,4
train,53,7,4,1
train,53,8,4,5
train,53,9,3,6
train,53,10,4,6
train,53,11,6,6
train,53,12,7,8
train,53,13,3,5
train,53,14,3,6
train,53,15,3,8
train,53,16,2,4
train,53,17,7,8
train,53,18,2,3
train,53,19,3,3
train,53,20,4,3
train,53,21,8,4
train,53,22,4,4
train,53,23,3,4
train,53,24,3,5
train,53,25,3,4
train,53,26,2,2
train,53,27,7,4
train,53,28,5,5
train,53,29,6,3
train,53,30,8,6
train,53,31,4,9
train,53,32,2,5
train,53,33,3,4
train,53,34,5,6
train,53,35,6,3
train,53,36,5,7
train,53,37,7,5
train,53,38,7,3
train,53,39,8,6
train,53,40,5,7
train,53,41,4,4
train,53,42,9,9
train,53,43,7,9
train,53,44,3,5
train,53,45,5,5
train,53,46,4,4
train,53,47,1,9
train,53,48,4,8
train,53,49,3,8
train,53,50,6,12
train,53,51,7,4
train,53,52,5,4
train,53,53,6,5
train,53,54,6,12
train,53,55,8,8
train,53,56,6,5
train,53,57,3,10
train,53,58,4,3
train,53,59,6,5
train,53,60,5,8
train,54,0,3,1
train,54,1,4,7
train,54,2,1,7
train,54,3,4,2
train,54,4,6,4
train,54,5,6,8
train,54,6,4,6
train,54,7,1,6
train,54,8,2,2
train,54,9,4,7
train,54,10,5,6
train,54,11,6,4
train,54,12,7,9
train,54,13,8,2
train,54,14,3,5
train,54,15,8,2
train,54,16,7,7
train,54,17,10,2
train,54,18,9,7
train,54,19,10,10
train,54,20,4,5
train,54,21,4,3
train,54,22,4,6
train,54,23,5,4
train,54,24,6,5
train,54,25,10,5
train,54,26,7,7
train,54,27,5,7
train,54,28,3,7
train,54,29,3,10
train,54,30,3,10
train,54,31,4,2
train,54,32,5,3
train,54,33,6,4
train,54,34,3,11
train,54,35,10,2
train,54,36,3,8
train,54,37,7,7
train,54,38,3,4
train,54,39,4,4
train,54,40,5,6
train,54,41,5,10
train,54,42,3,5
train,54,43,5,5
train,54,44,3,5
train,54,45,2,7
train,54,46,4,4
train,54,47,5,7
train,54,48,3,8
train,54,49,5,7
train,54,50,5,8
train,54,51,5,5
train,54,52,2,6
train,54,53,4,12
train,54,54,7,9
train,54,55,5,9
train,54,56,3,15
train,54,57,6,1
train,54,58,6,10
train,54,59,7,5
train,54,60,5,11
train,55,0,3,3
train,55,1,4,4
train,55,2,0,3
train,55,3,2,6
train,55,4,5,6
train,55,5,5,0
train,55,6,7,4
train,55,7,5,8
train,55,8,11,4
train,55,9,4,6
train,55,10,3,7
train,55,11,4,6
train,55,12,5,4
train,55,13,4,4
train,55,14,2,3
train,55,15,7,2
train,55,16,2,6
train,55,17,5,1
train,55,18,1,11
train,55,19,3,7
train,55,20,3,5
train,55,21,6,10
train,55,22,3,9
train,55,23,5,4
train,55,24,7,6
train,55,25,7,4
train,55,26,4,8
train,55,27,7,5
train,55,28,9,2
train,55,29,7,8
train,55,30,6,7
train,55,31,6,3
train,55,32,6,6
train,55,33,4,5
train,55,34,3,7
train,55,35,6,8
train,55,36,6,7
train,55,37,6,6
train,55,38,2,8
train,55,39,4,5
train,55,40,4,6
train,55,41,2,10
train,55,42,2,9
train,55,43,3,10
train,55,44,6,4
train,55,45,13,8
train,55,46,7,9
train,55,47,4,6
train,55,48,3,9
train,55,49,3,7
train,55,50,3,5
train,55,51,7,7
train,55,52,8,7
train,55,53,4,5
train,55,54,5,5
train,55,55,7,7
train,55,56,8,10
train,55,57,0,3
train,55,58,2,6
train,55,59,6,9
train,55,60,4,5
train,56,0,2,4
train,56,1,3,4
train,56,2,0,6
train,56,3,3,3
train,56,4,6,5
train,56,5,3,6
train,56,6,6,3
train,56,7,9,5
train,56,8,7,2
train,56,9,7,1
train,56,10,5,4
train,56,11,4,6
train,56,12,7,4
train,56,13,8,7
train,56,14,5,5
train,56,15,3,6
train,56,16,2,5
train,56,17,5,8
train,56,18,4,4
train,56,19,3,7
train,56,20,5,8
train,56,21,6,4
train,56,22,7,6
train,56,23,3,6
train,56,24,4,6
train,56,25,6,9
train,56,26,6,7
train,56,27,3,9
train,56,28,4,7
train,56,29,4,9
train,56,30,3,7
train,56,31,7,1
train,56,32,5,5
train,56,33,3,10
train,56,34,4,7
train,56,35,4,7
train,56,36,4,7
train,56,37,11,14
train,56,38,5,6
train,56,39,5,6
train,56,40,6,7
train,56,41,5,13
train,56,42,2,3
train,56,43,6,7
train,56,44,2,15
train,56,45,5,6
train,56,46,5,8
train,56,47,5,6
train,56,48,6,7
train,56,49,6,4
train,56,50,7,8
train,56,51,5,5
train,56,52,2,8
train,56,53,7,10
train,56,54,6,9
train,56,55,4,4
train,56,56,5,11
train,56,57,6,8
train,56,58,2,5
train,56,59,6,9
train,56,60,5,3
train,57,0,3,9
train,57,1,4,3
train,57,2,3,9
train,57,3,4,6
train,57,4,5,8
train,57,5,8,7
train,57,6,5,9
train,57,7,6,3
train,57,8,3,11
train,57,9,4,7
train,57,10,5,2
train,57,11,1,2
train,57,12,3,5
train,57,13,4,6
train,57,14,6,5
train,57,15,4,5
train,57,16,4,5
train,57,17,8,5
train,57,18,4,6
train,57,19,0,2
train,57,20,4,2
train,57,21,4,2
train,57,22,5,8
train,57,23,5,3
train,57,24,8,3
train,57,25,4,8
train,57,26,6,5
train,57,27,3,8
train,57,28,8,4
train,57,29,3,7
train,57,30,5,5
train,57,31,5,7
train,57,32,5,4
train,57,33,6,7
train,57,34,7,2
train,57,35,5,11
train,57,36,10,6
train,57,37,5,5
train,57,38,8,8
train,57,39,7,3
train,57,40,6,6
train,57,41,3,6
train,57,42,10,4
train,57,43,5,9
train,57,44,5,10
train,57,45,3,7
train,57,46,2,6
train,57,47,7,7
train,57,48,6,3
train,57,49,4,6
train,57,50,6,7
train,57,51,7,6
train,57,52,8,7
train,57,53,7,7
train,57,54,4,10
train,57,55,2,12
train,57,56,6,3
train,57,57,5,6
train,57,58,4,4
train,57,59,7,10
train,57,60,5,11
train,58,0,5,5
train,58,1,10,5
train,58,2,3,6
train,58,3,4,7
train,58,4,4,6
train,58,5,9,5
train,58,6,7,10
train,58,7,6,5
train,58,8,6,0
train,58,9,4,9
train,58,10,3,5
train,58,11,5,5
train,58,12,6,4
train,58,13,6,7
train,58,14,0,4
train,58,15,6,4
train,58,16,4,6
train,58,17,7,10
train,58,18,4,4
train,58,19,7,6
train,58,20,3,5
train,58,21,3,6
train,58,22,5,6
train,58,23,4,4
train,58,24,8,3
train,58,25,5,4
train,58,26,1,8
train,58,27,8,8
train,58,28,4,1
train,58,29,5,9
train,58,30,3,5
train,58,31,1,4
train,58,32,0,7
train,58,33,3,8
train,58,34,4,4
train,58,35,5,6
train,58,36,5,11
train,58,37,2,5
train,58,38,8,4
train,58,39,2,2
train,58,40,7,10
train,58,41,3,3
train,58,42,3,8
train,58,43,4,9
train,58,44,7,2
train,58,45,7,3
train,58,46,7,5
train,58,47,2,10
train,58,48,9,7
train,58,49,3,7
train,58,50,8,8
train,58,51,6,3
train,58,52,3,2
train,58,53,3,11
train,58,54,5,6
train,58,55,2,11
train,58,56,9,7
train,58,57,8,8
train,58,58,3,6
train,58,59,6,9
train,58,60,5,6
train,59,0,6,2
train,59,1,5,5
train,59,2,0,3
train,59,3,4,6
train,59,4,4,5
train,59,5,9,7
train,59,6,4,5
train,59,7,7,4
train,59,8,2,6
train,59,9,3,5
train,59,10,4,4
train,59,11,5,5
train,59,12,8,3
train,59,13,4,1
train,59,14,6,3
train,59,15,6,3
train,59,16,8,10
train,59,17,4,10
train,59,18,2,3
train,59,19,3,5
train,59,20,9,7
train,59,21,4,4
train,59,22,5,5
train,59,23,2,7
train,59,24,3,5
train,59,25,6,7
train,59,26,7,6
train,59,27,5,3
train,59,28,6,9
train,59,29,7,4
train,59,30,1,6
train,59,31,7,6
train,59,32,5,10
train,59,33,4,1
train,59,34,5,5
train,59,35,4,6
train,59,36,9,6
train,59,37,3,6
train,59,38,2,4
train,59,39,3,3
train,59,40,6,5
train,59,41,5,3
train,59,42,8,6
train,59,43,3,5
train,59,44,2,5
train,59,45,4,4
train,59,46,4,7
train,59,47,2,6
train,59,48,2,8
train,59,49,3,7
train,59,50,6,2
train,59,51,1,3
train,59,52,6,5
train,59,53,2,10
train,59,54,5,5
train,59,55,10,14
train,59,56,9,8
train,59,57,3,6
train,59,58,7,7
train,59,59,9,7
train,59,60,4,6
train,60,0,4,7
train,60,1,10,1
train,60,2,2,10
train,60,3,6,6
train,60,4,7,5
train,60,5,6,2
train,60,6,6,4
train,60,7,8,7
train,60,8,4,3
train,60,9,3,7
train,60,10,5,3
train,60,11,4,4
train,60,12,5,6
train,60,13,5,6
train,60,14,4,6
train,60,15,5,6
train,60,16,6,7
train,60,17,5,4
train,60,18,2,6
train,60,19,5,4
train,60,20,4,6
train,60,21,5,6
train,60,22,6,8
train,60,23,6,7
train,60,24,5,5
train,60,25,3,8
train,60,26,6,2
train,60,27,3,6
train,60,28,5,7
train,60,29,2,7
train,60,30,7,7
train,60,31,9,4
train,60,32,8,9
train,60,33,2,9
train,60,34,6,6
train,60,35,6,6
train,60,36,2,3
train,60,37,7,9
train,60,38,2,8
train,60,39,4,8
train,60,40,6,6
train,60,41,2,3
train,60,42,3,8
train,60,43,4,11
train,60,44,4,7
train,60,45,3,3
train,60,46,4,5
train,60,47,1,5
train,60,48,7,6
train,60,49,6,7
train,60,50,3,7
train,60,51,3,6
train,60,52,6,7
train,60,53,5,5
train,60,54,5,11
train,60,55,4,11
train,60,56,9,6
train,60,57,8,5
train,60,58,5,6
train,60,59,7,6
train,60,60,5,10
train,61,0,6,4
train,61,1,7,6
train,61,2,1,4
train,61,3,5,6
train,61,4,4,6
train,61,5,5,5
train,61,6,7,4
train,61,7,9,9
train,61,8,4,7
train,61,9,4,4
train,61,10,5,6
train,61,11,5,4
train,61,12,1,6
train,61,13,4,5
train,61,14,6,5
train,61,15,6,7
train,61,16,6,7
train,61,17,6,0
train,61,18,3,6
train,61,19,5,5
train,61,20,2,9
train,61,21,6,5
train,61,22,4,4
train,61,23,9,8
train,61,24,4,8
train,61,25,7,9
train,61,26,8,2
train,61,27,8,6
train,61,28,6,3
train,61,29,7,9
train,61,30,5,3
train,61,31,9,7
train,61,32,2,6
train,61,33,3,6
train,61,34,8,12
train,61,35,5,6
train,61,36,1,6
train,61,37,4,8
train,61,38,6,7
train,61,39,4,8
train,61,40,5,8
train,61,41,6,7
train,61,42,3,8
train,61,43,1,6
train,61,44,1,11
train,61,45,4,6
train,61,46,6,5
train,61,47,4,7
train,61,48,6,4
train,61,49,0,5
train,61,50,4,4
train,61,51,4,10
train,61,52,4,6
train,61,53,7,6
train,61,54,2,2
train,61,55,2,7
train,61,56,7,9
train,61,57,8,7
train,61,58,4,9
train,61,59,6,10
train,61,60,5,9
train,62,0,2,2
train,62,1,8,6
train,62,2,0,10
train,62,3,3,3
train,62,4,5,2
train,62,5,7,5
train,62,6,7,3
train,62,7,4,4
train,62,8,2,8
train,62,9,7,6
train,62,10,8,7
train,62,11,11,3
train,62,12,3,8
train,62,13,8,7
train,62,14,2,7
train,62,15,4,8
train,62,16,6,3
train,62,17,3,4
train,62,18,8,6
train,62,19,6,5
train,62,20,2,9
train,62,21,6,1
train,62,22,4,7
train,62,23,3,5
train,62,24,2,6
train,62,25,4,5
train,62,26,7,7
train,62,27,8,6
train,62,28,5,4
train,62,29,6,6
train,62,30,6,6
train,62,31,7,6
train,62,32,5,6
train,62,33,5,5
train,62,34,4,11
train,62,35,5,5
train,62,36,7,3
train,62,37,6,9
train,62,38,5,6
train,62,39,5,6
train,62,40,2,9
train,62,41,1,6
train,62,42,6,8
train,62,43,2,6
train,62,44,3,4
train,62,45,5,10
train,62,46,6,8
train,62,47,4,7
train,62,48,3,11
train,62,49,8,10
train,62,50,7,5
train,62,51,6,7
train,62,52,5,6
train,62,53,4,11
train,62,54,9,10
train,62,55,5,6
train,62,56,3,3
train,62,57,5,9
train,62,58,6,13
train,62,59,3,8
train,62,60,5,10
train,63,0,8,6
train,63,1,5,2
train,63,2,1,7
train,63,3,6,6
train,63,4,3,4
train,63,5,3,1
train,63,6,6,4
train,63,7,9,4
train,63,8,5,3
train,63,9,3,6
train,63,10,4,11
train,63,11,9,6
train,63,12,6,6
train,63,13,4,6
train,63,14,1,10
train,63,15,3,8
train,63,16,7,3
train,63,17,5,4
train,63,18,1,3
train,63,19,5,7
train,63,20,2,5
train,63,21,7,6
train,63,22,1,9
train,63,23,10,7
train,63,24,3,7
train,63,25,7,6
train,63,26,6,7
train,63,27,6,5
train,63,28,3,8
train,63,29,6,7
train,63,30,5,8
train,63,31,3,9
train,63,32,6,8
train,63,33,7,6
train,63,34,8,3
train,63,35,4,4
train,63,36,3,6
train,63,37,4,5
train,63,38,4,5
train,63,39,6,5
train,63,40,3,6
train,63,41,4,2
train,63,42,5,8
train,63,43,5,3
train,63,44,6,4
train,63,45,6,6
train,63,46,8,8
train,63,47,5,7
train,63,48,11,5
train,63,49,6,6
train,63,50,8,9
train,63,51,1,7
train,63,52,3,5
train,63,53,2,7
train,63,54,5,7
train,63,55,5,2
train,63,56,3,4
train,63,57,5,5
train,63,58,4,5
train,63,59,4,8
train,63,60,5,5
train,64,0,6,6
train,64,1,4,3
train,64,2,0,3
train,64,3,2,8
train,64,4,5,6
train,64,5,7,8
train,64,6,5,5
train,64,7,5,9
train,64,8,4,3
train,64,9,4,3
train,64,10,6,6
train,64,11,7,2
train,64,12,3,2
train,64,13,4,4
train,64,14,3,4
train,64,15,5,7
train,64,16,9,3
train,64,17,4,7
train,64,18,3,6
train,64,19,7,8
train,64,20,5,6
train,64,21,7,4
train,64,22,5,5
train,64,23,4,4
train,64,24,4,6
train,64,25,4,6
train,64,26,3,8
train,64,27,7,10
train,64,28,4,3
train,64,29,4,8
train,64,30,3,7
train,64,31,4,10
train,64,32,3,10
train,64,33,3,5
train,64,34,5,5
train,64,35,6,13
train,64,36,6,8
train,64,37,2,2
train,64,38,9,8
train,64,39,6,5
train,64,40,3,6
train,64,41,3,11
train,64,42,9,3
train,64,43,2,4
train,64,44,3,8
train,64,45,4,11
train,64,46,5,7
train,64,47,8,8
train,64,48,8,0
train,64,49,2,9
train,64,50,4,4
train,64,51,6,6
train,64,52,5,10
train,64,53,7,6
train,64,54,4,7
train,64,55,8,8
train,64,56,4,10
train,64,57,8,2
train,64,58,7,10
train,64,59,4,9
train,64,60,4,8
train,65,0,3,1
train,65,1,6,1
train,65,2,2,6
train,65,3,5,4
train,65,4,2,3
train,65,5,5,9
train,65,6,4,3
train,65,7,8,3
train,65,8,5,1
train,65,9,5,4
train,65,10,3,12
train,65,11,6,5
train,65,12,6,4
train,65,13,2,4
train,65,14,6,11
train,65,15,6,8
train,65,16,3,7
train,65,17,3,2
train,65,18,4,2
train,65,19,1,3
train,65,20,6,6
train,65,21,2,8
train,65,22,6,8
train,65,23,3,6
train,65,24,4,2
train,65,25,2,9
train,65,26,7,4
train,65,27,7,4
train,65,28,11,4
train,65,29,7,4
train,65,30,7,7
train,65,31,3,5
train,65,32,5,4
train,65,33,7,4
train,65,34,7,4
train,65,35,4,4
train,65,36,5,5
train,65,37,5,11
train,65,38,5,4
train,65,39,4,6
train,65,40,7,8
train,65,41,7,3
train,65,42,12,9
train,65,43,4,4
train,65,44,7,0
train,65,45,6,5
train,65,46,6,8
train,65,47,4,6
train,65,48,9,9
train,65,49,6,4
train,65,50,4,9
train,65,51,9,15
train,65,52,9,5
train,65,53,3,7
train,65,54,4,7
train,65,55,5,12
train,65,56,4,11
train,65,57,8,6
train,65,58,6,8
train,65,59,4,9
train,65,60,5,6
train,66,0,6,6
train,66,1,5,3
train,66,2,6,2
train,66,3,7,6
train,66,4,3,7
train,66,5,5,6
train,66,6,6,4
train,66,7,7,3
train,66,8,2,5
train,66,9,6,3
train,66,10,7,1
train,66,11,9,3
train,66,12,5,1
train,66,13,3,3
train,66,14,4,5
train,66,15,3,7
train,66,16,6,9
train,66,17,4,9
train,66,18,1,9
train,66,19,4,7
train,66,20,8,11
train,66,21,5,7
train,66,22,6,5
train,66,23,7,3
train,66,24,6,8
train,66,25,8,6
train,66,26,4,3
train,66,27,9,1
train,66,28,3,9
train,66,29,7,5
train,66,30,2,11
train,66,31,5,8
train,66,32,7,13
train,66,33,4,6
train,66,34,3,8
train,66,35,3,8
train,66,36,2,11
train,66,37,8,6
train,66,38,4,6
train,66,39,4,4
train,66,40,3,6
train,66,41,5,8
train,66,42,6,5
train,66,43,7,6
train,66,44,2,9
train,66,45,6,6
train,66,46,4,7
train,66,47,5,4
train,66,48,6,7
train,66,49,7,7
train,66,50,5,7
train,66,51,1,8
train,66,52,2,8
train,66,53,9,7
train,66,54,4,7
train,66,55,4,8
train,66,56,3,8
train,66,57,3,9
train,66,58,4,10
train,66,59,6,7
train,66,60,5,11
train,67,0,6,7
train,67,1,4,2
train,67,2,0,0
train,67,3,7,5
train,67,4,3,6
train,67,5,1,3
train,67,6,3,4
train,67,7,3,6
train,67,8,3,5
train,67,9,3,5
train,67,10,4,4
train,67,11,4,7
train,67,12,3,5
train,67,13,3,6
train,67,14,3,6
train,67,15,9,4
train,67,16,3,4
train,67,17,1,3
train,67,18,3,3
train,67,19,8,4
train,67,20,5,6
train,67,21,6,5
train,67,22,4,8
train,67,23,4,5
train,67,24,3,2
train,67,25,2,7
train,67,26,11,2
train,67,27,2,5
train,67,28,5,7
train,67,29,6,10
train,67,30,4,8
train,67,31,6,4
train,67,32,7,6
train,67,33,6,4
train,67,34,4,7
train,67,35,5,4
train,67,36,3,8
train,67,37,0,6
train,67,38,5,0
train,67,39,5,9
train,67,40,6,10
train,67,41,7,6
train,67,42,4,3
train,67,43,8,12
train,67,44,5,9
train,67,45,3,6
train,67,46,7,4
train,67,47,4,6
train,67,48,5,7
train,67,49,6,3
train,67,50,5,2
train,67,51,7,6
train,67,52,5,8
train,67,53,8,11
train,67,54,7,8
train,67,55,4,7
train,67,56,3,7
train,67,57,5,7
train,67,58,7,7
train,67,59,4,8
train,67,60,4,11
train,68,0,10,2
train,68,1,6,5
train,68,2,2,2
train,68,3,4,3
train,68,4,6,4
train,68,5,2,7
train,68,6,4,6
train,68,7,10,2
train,68,8,4,6
train,68,9,4,3
train,68,10,7,3
train,68,11,9,5
train,68,12,5,5
train,68,13,10,6
train,68,14,5,5
train,68,15,3,2
train,68,16,5,6
train,68,17,3,4
train,68,18,9,5
train,68,19,5,6
train,68,20,1,6
train,68,21,4,7
train,68,22,8,8
train,68,23,5,5
train,68,24,2,5
train,68,25,4,4
train,68,26,8,1
train,68,27,6,6
train,68,28,4,10
train,68,29,3,5
train,68,30,10,6
train,68,31,4,10
train,68,32,5,8
train,68,33,6,8
train,68,34,2,4
train,68,35,5,8
train,68,36,8,6
train,68,37,8,13
train,68,38,7,6
train,68,39,2,0
train,68,40,4,5
train,68,41,7,8
train,68,42,2,6
train,68,43,2,6
train,68,44,2,4
train,68,45,3,8
train,68,46,5,5
train,68,47,5,7
train,68,48,1,9
train,68,49,7,4
train,68,50,7,9
train,68,51,5,9
train,68,52,4,10
train,68,53,7,4
train,68,54,9,9
train,68,55,6,7
train,68,56,2,10
train,68,57,5,7
train,68,58,5,9
train,68,59,4,13
train,68,60,5,7
train,69,0,6,7
train,69,1,6,2
train,69,2,2,2
train,69,3,2,8
train,69,4,8,5
train,69,5,5,4
train,69,6,3,5
train,69,7,5,5
train,69,8,3,8
train,69,9,3,4
train,69,10,4,2
train,69,11,2,7
train,69,12,3,3
train,69,13,8,4
train,69,14,9,2
train,69,15,2,5
train,69,16,11,5
train,69,17,1,7
train,69,18,5,9
train,69,19,3,5
train,69,20,9,3
train,69,21,0,4
train,69,22,5,6
train,69,23,6,4
train,69,24,3,7
train,69,25,6,3
train,69,26,3,4
train,69,27,9,6
train,69,28,2,5
train,69,29,2,4
train,69,30,4,8
train,69,31,4,2
train,69,32,4,8
train,69,33,10,6
train,69,34,7,8
train,69,35,3,6
train,69,36,13,9
train,69,37,5,8
train,69,38,5,4
train,69,39,2,6
train,69,40,4,8
train,69,41,1,5
train,69,42,5,4
train,69,43,4,8
train,69,44,4,6
train,69,45,2,6
train,69,46,8,9
train,69,47,4,5
train,69,48,8,8
train,69,49,5,6
train,69,50,5,6
train,69,51,4,6
train,69,52,4,5
train,69,53,3,5
train,69,54,5,4
train,69,55,5,7
train,69,56,6,3
train,69,57,2,6
train,69,58,3,12
train,69,59,7,7
train,69,60,4,4
train,70,0,7,3
train,70,1,8,2
train,70,2,2,3
train,70,3,5,4
train,70,4,2,6
train,70,5,4,3
train,70,6,7,6
train,70,7,4,1
train,70,8,5,3
train,70,9,7,4
train,70,10,5,4
train,70,11,1,4
train,70,12,9,1
train,70,13,6,7
train,70,14,2,6
train,70,15,5,3
train,70,16,2,3
train,70,17,1,4
train,70,18,5,4
train,70,19,5,4
train,70,20,4,6
train,70,21,2,5
train,70,22,5,9
train,70,23,1,7
train,70,24,4,4
train,70,25,3,12
train,70,26,7,8
train,70,27,7,5
train,70,28,4,7
train,70,29,3,5
train,70,30,5,5
train,70,31,6,10
train,70,32,8,8
train,70,33,4,4
train,70,34,6,3
train,70,35,7,9
train,70,36,3,3
train,70,37,4,11
train,70,38,6,5
train,70,39,10,2
train,70,40,8,4
train,70,41,3,4
train,70,42,6,4
train,70,43,8,8
train,70,44,4,9
train,70,45,3,7
train,70,46,1,7
train,70,47,3,7
train,70,48,4,5
train,70,49,1,11
train,70,50,5,6
train,70,51,3,13
train,70,52,5,4
train,70,53,9,19
train,70,54,5,8
train,70,55,6,13
train,70,56,10,6
train,70,57,6,6
train,70,58,8,7
train,70,59,3,10
train,70,60,5,7
train,71,0,3,8
train,71,1,8,3
train,71,2,2,7
train,71,3,6,6
train,71,4,8,5
train,71,5,3,5
train,71,6,7,11
train,71,7,7,10
train,71,8,2,3
train,71,9,2,1
train,71,10,3,3
train,71,11,4,7
train,71,12,8,4
train,71,13,6,4
train,71,14,5,4
train,71,15,3,10
train,71,16,8,9
train,71,17,8,6
train,71,18,2,5
train,71,19,6,9
train,71,20,7,3
train,71,21,7,3
train,71,22,7,4
train,71,23,5,9
train,71,24,4,9
train,71,25,6,2
train,71,26,1,3
train,71,27,5,5
train,71,28,5,9
train,71,29,7,2
train,71,30,5,2
train,71,31,10,9
train,71,32,5,5
train,71,33,6,7
train,71,34,7,7
train,71,35,2,5
train,71,36,2,7
train,71,37,2,9
train,71,38,1,8
train,71,39,3,4
train,71,40,4,9
train,71,41,6,6
train,71,42,3,7
train,71,43,3,12
train,71,44,4,4
train,71,45,7,7
train,71,46,2,11
train,71,47,10,8
train,71,48,4,9
train,71,49,3,13
train,71,50,6,7
train,71,51,1,8
train,71,52,3,8
train,71,53,4,5
train,71,54,4,6
train,71,55,7,7
train,71,56,6,5
train,71,57,0,3
train,71,58,8,8
train,71,59,3,8
train,71,60,5,2
train,72,0,3,2
train,72,1,5,5
train,72,2,0,9
train,72,3,3,2
train,72,4,6,7
train,72,5,5,3
train,72,6,2,4
train,72,7,1,7
train,72,8,4,8
train,72,9,8,2
train,72,10,4,4
train,72,11,5,2
train,72,12,7,9
train,72,13,5,3
train,72,14,2,3
train,72,15,4,10
train,72,16,5,2
train,72,17,6,7
train,72,18,8,7
train,72,19,3,3
train,72,20,6,4
train,72,21,5,6
train,72,22,1,4
train,72,23,6,7
train,72,24,5,11
train,72,25,12,5
train,72,26,6,5
train,72,27,4,4
train,72,28,7,7
train,72,29,6,3
train,72,30,7,5
train,72,31,7,5
train,72,32,2,5
train,72,33,4,3
train,72,34,8,8
train,72,35,3,8
train,72,36,2,10
train,72,37,4,2
train,72,38,3,4
train,72,39,6,8
train,72,40,6,6
train,72,41,5,7
train,72,42,6,5
train,72,43,7,7
train,72,44,3,4
train,72,45,4,6
train,72,46,5,9
train,72,47,4,2
train,72,48,7,2
train,72,49,2,7
train,72,50,4,6
train,72,51,6,10
train,72,52,7,9
train,72,53,5,8
train,72,54,3,3
train,72,55,3,7
train,72,56,5,7
train,72,57,6,5
train,72,58,4,9
train,72,59,6,5
train,72,60,5,8
train,73,0,7,6
train,73,1,2,5
train,73,2,4,6
train,73,3,5,9
train,73,4,6,5
train,73,5,5,1
train,73,6,6,5
train,73,7,6,6
train,73,8,4,7
train,73,9,3,5
train,73,10,2,1
train,73,11,6,5
train,73,12,5,8
train,73,13,1,6
train,73,14,2,3
train,73,15,2,2
train,73,16,5,6
train,73,17,3,1
train,73,18,3,4
train,73,19,6,6
train,73,20,6,1
train,73,21,5,5
train,73,22,5,5
train,73,23,7,7
train,73,24,7,4
train,73,25,3,5
train,73,26,6,5
train,73,27,8,1
train,73,28,2,6
train,73,29,8,3
train,73,30,5,6
train,73,31,3,10
train,73,32,7,7
train,73,33,2,6
train,73,34,7,5
train,73,35,3,2
train,73,36,6,3
train,73,37,6,2
train,73,38,7,7
train,73,39,0,5
train,73,40,4,8
train,73,41,0,5
train,73,42,6,7
train,73,43,9,6
train,73,44,4,6
train,73,45,9,6
train,73,46,3,6
train,73,47,5,10
train,73,48,2,5
train,73,49,10,7
train,73,50,4,6
train,73,51,5,5
train,73,52,3,11
train,73,53,3,9
train,73,54,0,10
train,73,55,5,9
train,73,56,1,9
train,73,57,6,6
train,73,58,11,7
train,73,59,1,3
train,73,60,5,3
train,74,0,6,3
train,74,1,2,6
train,74,2,0,1
train,74,3,4,0
train,74,4,6,5
train,74,5,8,4
train,74,6,1,6
train,74,7,2,12
train,74,8,5,1
train,74,9,5,1
train,74,10,5,7
train,74,11,4,7
train,74,12,8,4
train,74,13,4,5
train,74,14,4,6
train,74,15,6,1
train,74,16,2,6
train,74,17,6,7
train,74,18,6,6
train,74,19,4,4
train,74,20,9,3
train,74,21,5,2
train,74,22,3,6
train,74,23,5,7
train,74,24,4,2
train,74,25,3,8
train,74,26,8,6
train,74,27,1,9
train,74,28,5,4
train,74,29,5,8
train,74,30,5,5
train,74,31,5,5
train,74,32,4,4
train,74,33,9,6
train,74,34,2,7
train,74,35,9,13
train,74,36,7,5
train,74,37,5,7
train,74,38,7,7
train,74,39,7,3
train,74,40,4,8
train,74,41,2,3
train,74,42,4,6
train,74,43,7,9
train,74,44,6,1
train,74,45,3,7
train,74,46,8,3
train,74,47,4,10
train,74,48,5,5
train,74,49,7,10
train,74,50,4,6
train,74,51,4,7
train,74,52,3,7
train,74,53,7,6
train,74,54,6,6
train,74,55,3,7
train,74,56,5,5
train,74,57,2,5
train,74,58,8,3
train,74,59,6,9
train,74,60,5,7
train,75,0,2,5
train,75,1,7,10
train,75,2,1,3
train,75,3,4,9
train,75,4,2,5
train,75,5,6,8
train,75,6,8,3
train,75,7,4,4
train,75,8,3,5
train,75,9,4,2
train,75,10,3,4
train,75,11,6,7
train,75,12,6,5
train,75,13,3,6
train,75,14,2,8
train,75,15,8,5
train,75,16,4,5
train,75,17,3,7
train,75,18,2,4
train,75,19,4,8
train,75,20,4,3
train,75,21,7,7
train,75,22,5,9
train,75,23,4,6
train,75,24,10,3
train,75,25,8,5
train,75,26,6,4
train,75,27,8,5
train,75,28,3,3
train,75,29,0,4
train,75,30,3,2
train,75,31,1,6
train,75,32,5,8
train,75,33,6,9
train,75,34,5,8
train,75,35,10,4
train,75,36,6,9
train,75,37,1,6
train,75,38,4,6
train,75,39,4,8
train,75,40,4,13
train,75,41,1,7
train,75,42,5,3
train,75,43,6,5
train,75,44,9,5
train,75,45,4,13
train,75,46,3,7
train,75,47,3,10
train,75,48,5,9
train,75,49,4,8
train,75,50,8,4
train,75,51,5,8
train,75,52,5,10
train,75,53,5,7
train,75,54,10,5
train,75,55,1,6
train,75,56,6,11
train,75,57,5,8
train,75,58,5,7
train,75,59,7,8
train,75,60,4,12
train,76,0,5,8
train,76,1,4,4
train,76,2,3,2
train,76,3,7,4
train,76,4,3,3
train,76,5,5,5
train,76,6,2,4
train,76,7,2,4
train,76,8,10,4
train,76,9,8,4
train,76,10,5,3
train,76,11,8,1
train,76,12,4,4
train,76,13,6,12
train,76,14,2,11
train,76,15,3,9
train,76,16,4,4
train,76,17,6,7
train,76,18,2,6
train,76,19,5,8
train,76,20,8,5
train,76,21,6,8
train,76,22,7,6
train,76,23,5,3
train,76,24,4,5
train,76,25,7,10
train,76,26,4,4
train,76,27,0,3
train,76,28,6,5
train,76,29,1,6
train,76,30,4,1
train,76,31,4,7
train,76,32,4,5
train,76,33,10,11
train,76,34,4,6
train,76,35,2,8
train,76,36,3,4
train,76,37,5,8
train,76,38,9,6
train,76,39,2,4
train,76,40,4,5
train,76,41,8,7
train,76,42,6,5
train,76,43,3,10
train,76,44,11,5
train,76,45,7,9
train,76,46,10,5
train,76,47,6,6
train,76,48,3,4
train,76,49,5,9
train,76,50,7,10
train,76,51,5,3
train,76,52,4,3
train,76,53,4,7
train,76,54,7,6
train,76,55,1,3
train,76,56,6,12
train,76,57,7,7
train,76,58,5,3
train,76,59,5,9
train,76,60,5,14
train,77,0,6,5
train,77,1,6,3
train,77,2,4,8
train,77,3,3,6
train,77,4,8,10
train,77,5,5,4
train,77,6,5,4
train,77,7,7,2
train,77,8,2,6
train,77,9,8,6
train,77,10,6,6
train,77,11,4,5
train,77,12,6,5
train,77,13,5,4
train,77,14,7,7
train,77,15,3,2
train,77,16,6,4
train,77,17,10,10
train,77,18,4,7
train,77,19,8,7
train,77,20,3,6
train,77,21,7,4
train,77,22,5,3
train,77,23,5,5
train,77,24,2,5
train,77,25,5,10
train,77,26,4,10
train,77,27,5,8
train,77,28,4,4
train,77,29,6,9
train,77,30,0,5
train,77,31,5,8
train,77,32,3,4
train,77,33,4,4
train,77,34,5,8
train,77,35,6,6
train,77,36,5,13
train,77,37,4,6
train,77,38,1,7
train,77,39,2,11
train,77,40,2,3
train,77,41,3,9
train,77,42,5,8
train,77,43,2,6
train,77,44,4,8
train,77,45,4,4
train,77,46,4,7
train,77,47,6,8
train,77,48,5,7
train,77,49,2,10
train,77,50,4,2
train,77,51,5,5
train,77,52,3,10
train,77,53,3,2
train,77,54,7,8
train,77,55,7,4
train,77,56,10,4
train,77,57,2,12
train,77,58,6,11
train,77,59,4,14
train,77,60,5,8
train,78,0,8,5
train,78,1,4,6
train,78,2,1,4
train,78,3,7,7
train,78,4,5,3
train,78,5,4,2
train,78,6,5,5
train,78,7,4,5
train,78,8,5,4
train,78,9,6,1
train,78,10,9,9
train,78,11,3,4
train,78,12,8,8
train,78,13,8,3
train,78,14,5,4
train,78,15,5,5
train,78,16,4,6
train,78,17,4,8
train,78,18,0,6
train,78,19,5,5
train,78,20,4,10
train,78,21,6,7
train,78,22,3,3
train,78,23,5,9
train,78,24,1,7
train,78,25,4,5
train,78,26,4,10
train,78,27,5,6
train,78,28,6,9
train,78,29,4,6
train,78,30,3,10
train,78,31,4,4
train,78,32,3,6
train,78,33,6,6
train,78,34,6,6
train,78,35,5,8
train,78,36,7,6
train,78,37,5,11
train,78,38,8,6
train,78,39,4,2
train,78,40,9,6
train,78,41,4,13
train,78,42,7,5
train,78,43,3,5
train,78,44,2,4
train,78,45,4,3
train,78,46,4,6
train,78,47,7,9
train,78,48,6,10
train,78,49,4,7
train,78,50,5,4
train,78,51,4,3
train,78,52,4,7
train,78,53,5,8
train,78,54,2,4
train,78,55,7,7
train,78,56,1,8
train,78,57,9,6
train,78,58,7,8
train,78,59,2,13
train,78,60,5,5
train,79,0,4,5
train,79,1,8,5
train,79,2,1,7
train,79,3,1,8
train,79,4,1,7
train,79,5,2,6
train,79,6,3,5
train,79,7,5,5
train,79,8,2,3
train,79,9,1,4
train,79,10,4,4
train,79,11,4,11
train,79,12,4,3
train,79,13,5,5
train,79,14,4,5
train,79,15,1,8
train,79,16,7,9
train,79,17,3,8
train,79,18,3,6
train,79,19,1,2
train,79,20,7,9
train,79,21,5,5
train,79,22,3,4
train,79,23,7,5
train,79,24,5,7
train,79,25,6,3
train,79,26,7,9
train,79,27,4,6
train,79,28,8,6
train,79,29,4,7
train,79,30,5,6
train,79,31,7,4
train,79,32,2,4
train,79,33,0,3
train,79,34,2,6
train,79,35,5,5
train,79,36,4,5
train,79,37,6,9
train,79,38,4,3
train,79,39,5,4
train,79,40,3,9
train,79,41,5,9
train,79,42,3,8
train,79,43,8,9
train,79,44,4,9
train,79,45,8,2
train,79,46,6,5
train,79,47,1,8
train,79,48,7,8
train,79,49,10,6
train,79,50,5,6
train,79,51,6,5
train,79,52,3,7
train,79,53,6,8
train,79,54,2,6
train,79,55,4,6
train,79,56,7,7
train,79,57,6,6
train,79,58,6,8
train,79,59,3,9
train,79,60,4,9
train,80,0,7,7
train,80,1,6,3
train,80,2,4,6
train,80,3,3,6
train,80,4,6,4
train,80,5,2,3
train,80,6,9,4
train,80,7,5,5
train,80,8,1,3
train,80,9,4,1
train,80,10,1,1
train,80,11,6,5
train,80,12,7,4
train,80,13,4,6
train,80,14,6,4
train,80,15,2,4
train,80,16,3,3
train,80,17,8,1
train,80,18,2,9
train,80,19,4,8
train,80,20,2,2
train,80,21,7,6
train,80,22,5,2
train,80,23,4,4
train,80,24,3,4
train,80,25,8,2
train,80,26,6,3
train,80,27,7,4
train,80,28,4,9
train,80,29,10,6
train,80,30,5,10
train,80,31,8,7
train,80,32,3,3
train,80,33,6,10
train,80,34,7,5
train,80,35,8,4
train,80,36,3,4
train,80,37,3,11
train,80,38,8,7
train,80,39,7,12
train,80,40,7,5
train,80,41,5,7
train,80,42,5,9
train,80,43,5,5
train,80,44,5,7
train,80,45,5,7
train,80,46,8,9
train,80,47,4,9
train,80,48,1,7
train,80,49,7,9
train,80,50,2,8
train,80,51,5,4
train,80,52,4,6
train,80,53,4,11
train,80,54,5,5
train,80,55,8,4
train,80,56,9,6
train,80,57,6,12
train,80,58,4,14
train,80,59,6,6
train,80,60,5,12
train,81,0,4,5
train,81,1,4,4
train,81,2,5,8
train,81,3,3,2
train,81,4,3,5
train,81,5,3,4
train,81,6,7,7
train,81,7,4,9
train,81,8,3,5
train,81,9,2,3
train,81,10,4,1
train,81,11,9,2
train,81,12,7,4
train,81,13,5,8
train,81,14,2,5
train,81,15,1,16
train,81,16,3,4
train,81,17,2,5
train,81,18,8,10
train,81,19,4,3
train,81,20,1,11
train,81,21,5,7
train,81,22,7,5
train,81,23,1,5
train,81,24,9,3
train,81,25,6,10
train,81,26,8,4
train,81,27,5,7
train,81,28,5,3
train,81,29,6,4
train,81,30,6,7
train,81,31,8,7
train,81,32,5,5
train,81,33,5,5
train,81,34,2,3
train,81,35,4,7
train,81,36,3,5
train,81,37,6,3
train,81,38,7,5
train,81,39,6,9
train,81,40,3,9
train,81,41,3,7
train,81,42,7,7
train,81,43,7,3
train,81,44,5,8
train,81,45,5,7
train,81,46,7,8
train,81,47,7,5
train,81,48,1,7
train,81,49,5,5
train,81,50,7,4
train,81,51,5,2
train,81,52,5,12
train,81,53,9,2
train,81,54,6,7
train,81,55,6,9
train,81,56,4,8
train,81,57,6,3
train,81,58,4,7
train,81,59,4,7
train,81,60,5,2
train,82,0,3,9
train,82,1,3,12
train,82,2,0,6
train,82,3,4,8
train,82,4,6,6
train,82,5,4,3
train,82,6,6,3
train,82,7,2,3
train,82,8,9,1
train,82,9,9,5
train,82,10,2,8
train,82,11,6,1
train,82,12,4,3
train,82,13,4,11
train,82,14,5,6
train,82,15,5,5
train,82,16,9,8
train,82,17,8,3
train,82,18,5,7
train,82,19,3,2
train,82,20,3,9
train,82,21,9,5
train,82,22,9,9
train,82,23,7,8
train,82,24,5,3
train,82,25,3,6
train,82,26,5,4
train,82,27,5,6
train,82,28,9,5
train,82,29,11,13
train,82,30,3,4
train,82,31,5,4
train,82,32,5,7
train,82,33,7,7
train,82,34,8,6
train,82,35,9,5
train,82,36,3,8
train,82,37,5,7
train,82,38,4,9
train,82,39,3,10
train,82,40,4,7
train,82,41,5,5
train,82,42,4,7
train,82,43,5,1
train,82,44,6,7
train,82,45,3,11
train,82,46,3,8
train,82,47,6,5
train,82,48,5,2
train,82,49,4,5
train,82,50,5,5
train,82,51,6,5
train,82,52,8,7
train,82,53,9,5
train,82,54,4,9
train,82,55,2,7
train,82,56,9,5
train,82,57,4,3
train,82,58,3,9
train,82,59,6,6
train,82,60,5,5
train,83,0,7,3
train,83,1,5,4
train,83,2,3,10
train,83,3,6,2
train,83,4,6,5
train,83,5,4,5
train,83,6,2,5
train,83,7,5,4
train,83,8,9,5
train,83,9,7,7
train,83,10,4,4
train,83,11,2,2
train,83,12,4,3
train,83,13,4,9
train,83,14,2,6
train,83,15,6,7
train,83,16,7,3
train,83,17,5,7
train,83,18,3,6
train,83,19,5,2
train,83,20,5,5
train,83,21,6,5
train,83,22,5,3
train,83,23,6,5
train,83,24,4,5
train,83,25,3,0
train,83,26,3,11
train,83,27,2,4
train,83,28,3,6
train,83,29,4,1
train,83,30,1,6
train,83,31,7,3
train,83,32,1,6
train,83,33,3,9
train,83,34,2,7
train,83,35,5,5
train,83,36,6,4
train,83,37,2,8
train,83,38,2,5
train,83,39,4,8
train,83,40,4,9
train,83,41,6,4
train,83,42,4,5
train,83,43,8,6
train,83,44,4,7
train,83,45,9,7
train,83,46,4,5
train,83,47,3,6
train,83,48,4,8
train,83,49,5,8
train,83,50,5,6
train,83,51,5,8
train,83,52,4,15
train,83,53,3,4
train,83,54,1,9
train,83,55,7,6
train,83,56,4,7
train,83,57,5,11
train,83,58,6,5
train,83,59,4,11
train,83,60,4,9
train,84,0,5,5
train,84,1,3,7
train,84,2,0,6
train,84,3,6,4
train,84,4,8,3
train,84,5,3,5
train,84,6,9,4
train,84,7,5,6
train,84,8,5,8
train,84,9,1,7
train,84,10,7,5
train,84,11,7,4
train,84,12,7,6
train,84,13,3,6
train,84,14,6,4
train,84,15,7,3
train,84,16,0,6
train,84,17,3,5
train,84,18,4,8
train,84,19,7,7
train,84,20,6,5
train,84,21,4,6
train,84,22,4,7
train,84,23,3,5
train,84,24,3,7
train,84,25,6,9
train,84,26,5,7
train,84,27,8,6
train,84,28,6,6
train,84,29,6,6
train,84,30,4,4
train,84,31,7,13
train,84,32,5,8
train,84,33,3,2
train,84,34,4,3
train,84,35,1,8
train,84,36,6,3
train,84,37,5,7
train,84,38,4,2
train,84,39,3,5
train,84,40,6,4
train,84,41,5,11
train,84,42,9,7
train,84,43,8,5
train,84,44,3,14
train,84,45,4,7
train,84,46,7,10
train,84,47,4,7
train,84,48,7,7
train,84,49,3,7
train,84,50,7,8
train,84,51,3,6
train,84,52,7,3
train,84,53,3,8
train,84,54,5,9
train,84,55,3,3
train,84,56,6,6
train,84,57,5,12
train,84,58,6,5
train,84,59,6,7
train,84,60,5,12
train,85,0,7,2
train,85,1,4,3
train,85,2,3,6
train,85,3,3,4
train,85,4,5,5
train,85,5,9,3
train,85,6,7,5
train,85,7,6,4
train,85,8,3,6
train,85,9,4,6
train,85,10,2,2
train,85,11,7,9
train,85,12,8,2
train,85,13,2,4
train,85,14,7,4
train,85,15,5,2
train,85,16,7,8
train,85,17,7,5
train,85,18,3,5
train,85,19,10,2
train,85,20,9,4
train,85,21,8,9
train,85,22,7,6
train,85,23,4,6
train,85,24,2,3
train,85,25,4,10
train,85,26,7,5
train,85,27,7,9
train,85,28,8,9
train,85,29,10,5
train,85,30,2,4
train,85,31,8,8
train,85,32,5,5
train,85,33,3,3
train,85,34,10,7
train,85,35,6,9
train,85,36,3,6
train,85,37,6,10
train,85,38,4,5
train,85,39,5,5
train,85,40,4,8
train,85,41,7,10
train,85,42,8,8
train,85,43,5,8
train,85,44,3,6
train,85,45,4,9
train,85,46,9,3
train,85,47,2,7
train,85,48,4,3
train,85,49,8,5
train,85,50,7,4
train,85,51,5,10
train,85,52,7,5
train,85,53,3,9
train,85,54,6,6
train,85,55,1,6
train,85,56,9,9
train,85,57,6,10
train,85,58,6,11
train,85,59,5,6
train,85,60,6,7
train,86,0,4,7
train,86,1,3,2
train,86,2,0,6
train,86,3,3,7
train,86,4,3,2
train,86,5,4,9
train,86,6,6,4
train,86,7,1,2
train,86,8,6,5
train,86,9,5,7
train,86,10,2,5
train,86,11,6,2
train,86,12,6,2
train,86,13,7,9
train,86,14,4,5
train,86,15,3,4
train,86,16,4,4
train,86,17,8,3
train,86,18,5,5
train,86,19,5,4
train,86,20,2,4
train,86,21,1,11
train,86,22,3,6
train,86,23,7,5
train,86,24,5,9
train,86,25,3,2
train,86,26,4,9
train,86,27,7,5
train,86,28,6,2
train,86,29,2,5
train,86,30,6,7
train,86,31,5,3
train,86,32,3,3
train,86,33,5,2
train,86,34,6,7
train,86,35,5,7
train,86,36,5,9
train,86,37,8,5
train,86,38,4,9
train,86,39,7,5
train,86,40,4,7
train,86,41,3,6
train,86,42,8,8
train,86,43,4,8
train,86,44,5,9
train,86,45,5,8
train,86,46,2,8
train,86,47,2,9
train,86,48,4,10
train,86,49,8,5
train,86,50,6,6
train,86,51,10,5
train,86,52,3,7
train,86,53,5,4
train,86,54,6,8
train,86,55,4,6
train,86,56,7,7
train,86,57,10,12
train,86,58,3,7
train,86,59,8,7
train,86,60,5,6
train,87,0,5,2
train,87,1,4,6
train,87,2,2,4
train,87,3,8,2
train,87,4,2,4
train,87,5,4,6
train,87,6,7,5
train,87,7,2,4
train,87,8,9,6
train,87,9,4,8
train,87,10,4,3
train,87,11,5,7
train,87,12,7,3
train,87,13,4,5
train,87,14,2,7
train,87,15,8,2
train,87,16,6,3
train,87,17,1,5
train,87,18,8,7
train,87,19,5,2
train,87,20,5,3
train,87,21,7,8
train,87,22,5,6
train,87,23,7,3
train,87,24,6,7
train,87,25,3,4
train,87,26,7,7
train,87,27,3,2
train,87,28,2,8
train,87,29,9,3
train,87,30,4,7
train,87,31,6,9
train,87,32,5,7
train,87,33,7,7
train,87,34,4,4
train,87,35,5,5
train,87,36,7,8
train,87,37,4,5
train,87,38,4,4
train,87,39,4,6
train,87,40,3,6
train,87,41,3,8
train,87,42,6,6
train,87,43,8,11
train,87,44,4,6
train,87,45,5,7
train,87,46,5,8
train,87,47,5,1
train,87,48,4,6
train,87,49,3,6
train,87,50,9,5
train,87,51,3,9
train,87,52,6,8
train,87,53,3,16
train,87,54,7,7
train,87,55,2,7
train,87,56,3,7
train,87,57,2,7
train,87,58,7,9
train,87,59,3,7
train,87,60,5,12
train,88,0,5,5
train,88,1,8,2
train,88,2,0,2
train,88,3,3,1
train,88,4,4,2
train,88,5,3,4
train,88,6,4,4
train,88,7,8,4
train,88,8,2,5
train,88,9,2,6
train,88,10,7,5
train,88,11,4,9
train,88,12,5,7
train,88,13,5,4
train,88,14,3,8
train,88,15,7,4
train,88,16,8,6
train,88,17,6,7
train,88,18,6,8
train,88,19,4,6
train,88,20,8,7
train,88,21,8,6
train,88,22,6,6
train,88,23,4,7
train,88,24,2,3
train,88,25,5,9
train,88,26,4,5
train,88,27,6,5
train,88,28,7,6
train,88,29,8,4
train,88,30,4,8
train,88,31,3,9
train,88,32,3,6
train,88,33,5,11
train,88,34,2,2
train,88,35,2,10
train,88,36,1,7
train,88,37,5,8
train,88,38,8,10
train,88,39,9,10
train,88,40,9,6
train,88,41,8,5
train,88,42,6,9
train,88,43,9,4
train,88,44,7,4
train,88,45,5,10
train,88,46,7,6
train,88,47,3,5
train,88,48,5,2
train,88,49,3,6
train,88,50,8,6
train,88,51,4,8
train,88,52,6,3
train,88,53,3,8
train,88,54,9,7
train,88,55,4,10
train,88,56,2,6
train,88,57,6,6
train,88,58,6,8
train,88,59,5,3
train,88,60,5,6
train,89,0,5,8
train,89,1,4,0
train,89,2,2,7
train,89,3,8,4
train,89,4,4,3
train,89,5,7,7
train,89,6,3,2
train,89,7,5,3
train,89,8,6,4
train,89,9,5,3
train,89,10,4,1
train,89,11,4,3
train,89,12,6,5
train,89,13,6,6
train,89,14,5,3
train,89,15,6,3
train,89,16,4,10
train,89,17,7,7
train,89,18,3,3
train,89,19,3,5
train,89,20,4,5
train,89,21,3,6
train,89,22,5,5
train,89,23,3,9
train,89,24,15,4
train,89,25,3,6
train,89,26,6,5
train,89,27,6,5
train,89,28,7,4
train,89,29,3,4
train,89,30,3,5
train,89,31,4,6
train,89,32,4,2
train,89,33,4,8
train,89,34,3,6
train,89,35,5,4
train,89,36,4,6
train,89,37,6,9
train,89,38,2,9
train,89,39,4,8
train,89,40,6,10
train,89,41,6,4
train,89,42,3,7
train,89,43,1,5
train,89,44,6,5
train,89,45,2,8
train,89,46,4,5
train,89,47,5,10
train,89,48,2,10
train,89,49,3,10
train,89,50,6,5
train,89,51,4,8
train,89,52,5,11
train,89,53,3,8
train,89,54,5,7
train,89,55,5,10
train,89,56,7,7
train,89,57,5,4
train,89,58,5,5
train,89,59,7,9
train,89,60,4,2
train,90,0,7,5
train,90,1,5,4
train,90,2,4,1
train,90,3,5,8
train,90,4,8,6
train,90,5,6,5
train,90,6,3,3
train,90,7,4,9
train,90,8,6,5
train,90,9,7,3
train,90,10,11,7
train,90,11,6,7
train,90,12,3,8
train,90,13,6,5
train,90,14,7,6
train,90,15,4,4
train,90,16,4,2
train,90,17,11,4
train,90,18,3,6
train,90,19,4,6
train,90,20,4,5
train,90,21,4,7
train,90,22,6,3
train,90,23,3,8
train,90,24,10,7
train,90,25,7,6
train,90,26,1,4
train,90,27,5,12
train,90,28,8,5
train,90,29,8,4
train,90,30,4,6
train,90,31,2,5
train,90,32,5,6
train,90,33,6,6
train,90,34,7,4
train,90,35,7,5
train,90,36,4,4
train,90,37,2,4
train,90,38,4,6
train,90,39,4,7
train,90,40,8,4
train,90,41,5,12
train,90,42,2,7
train,90,43,4,10
train,90,44,6,8
train,90,45,2,4
train,90,46,4,5
train,90,47,4,5
train,90,48,6,9
train,90,49,1,8
train,90,50,2,4
train,90,51,5,8
train,90,52,3,10
train,90,53,4,4
train,90,54,7,2
train,90,55,8,3
train,90,56,2,10
train,90,57,6,7
train,90,58,5,13
train,90,59,7,8
train,90,60,5,8
train,91,0,3,5
train,91,1,7,4
train,91,2,0,6
train,91,3,3,10
train,91,4,3,7
train,91,5,5,3
train,91,6,1,4
train,91,7,3,4
train,91,8,7,5
train,91,9,6,4
train,91,10,5,7
train,91,11,5,6
train,91,12,4,3
train,91,13,7,5
train,91,14,6,5
train,91,15,3,4
train,91,16,13,3
train,91,17,13,9
train,91,18,5,8
train,91,19,5,5
train,91,20,6,8
train,91,21,8,6
train,91,22,1,5
train,91,23,9,4
train,91,24,1,13
train,91,25,7,7
train,91,26,4,6
train,91,27,3,4
train,91,28,2,7
train,91,29,5,6
train,91,30,5,3
train,91,31,4,5
train,91,32,5,5
train,91,33,5,4
train,91,34,2,11
train,91,35,2,5
train,91,36,3,4
train,91,37,4,14
train,91,38,6,4
train,91,39,6,8
train,91,40,7,11
train,91,41,4,6
train,91,42,3,3
train,91,43,6,5
train,91,44,7,6
train,91,45,5,6
train,91,46,8,5
train,91,47,7,6
train,91,48,11,5
train,91,49,5,7
train,91,50,3,8
train,91,51,4,6
train,91,52,7,7
train,91,53,5,7
train,91,54,6,6
train,91,55,7,7
train,91,56,5,13
train,91,57,7,6
train,91,58,5,10
train,91,59,2,9
train,91,60,5,6
train,92,0,2,4
train,92,1,4,3
train,92,2,0,5
train,92,3,8,3
train,92,4,4,4
train,92,5,5,4
train,92,6,4,12
train,92,7,7,4
train,92,8,3,2
train,92,9,7,4
train,92,10,6,8
train,92,11,6,6
train,92,12,4,5
train,92,13,1,8
train,92,14,5,4
train,92,15,3,6
train,92,16,9,6
train,92,17,5,4
train,92,18,6,5
train,92,19,4,5
train,92,20,2,6
train,92,21,3,0
train,92,22,6,10
train,92,23,2,1
train,92,24,5,10
train,92,25,5,5
train,92,26,3,3
train,92,27,4,7
train,92,28,3,11
train,92,29,6,9
train,92,30,5,3
train,92,31,5,9
train,92,32,5,5
train,92,33,6,9
train,92,34,4,6
train,92,35,3,3
train,92,36,7,12
train,92,37,7,6
train,92,38,7,7
train,92,39,7,4
train,92,40,7,2
train,92,41,5,7
train,92,42,6,7
train,92,43,3,9
train,92,44,3,5
train,92,45,2,3
train,92,46,4,3
train,92,47,5,7
train,92,48,4,6
train,92,49,4,9
train,92,50,9,6
train,92,51,2,9
train,92,52,1,10
train,92,53,7,9
train,92,54,7,6
train,92,55,3,7
train,92,56,4,6
train,92,57,3,9
train,92,58,3,7
train,92,59,9,9
train,92,60,4,6
train,93,0,3,6
train,93,1,7,4
train,93,2,0,3
train,93,3,7,3
train,93,4,6,7
train,93,5,2,5
train,93,6,2,1
train,93,7,7,4
train,93,8,6,8
train,93,9,2,3
train,93,10,5,7
train,93,11,3,5
train,93,12,5,3
train,93,13,6,4
train,93,14,5,6
train,93,15,2,3
train,93,16,6,7
train,93,17,9,7
train,93,18,5,10
train,93,19,3,7
train,93,20,3,4
train,93,21,2,7
train,93,22,4,6
train,93,23,8,6
train,93,24,8,6
train,93,25,3,3
train,93,26,5,9
train,93,27,7,8
train,93,28,6,2
train,93,29,6,6
train,93,30,2,8
train,93,31,3,8
train,93,32,7,4
train,93,33,6,9
train,93,34,6,4
train,93,35,8,7
train,93,36,6,5
train,93,37,5,7
train,93,38,1,5
train,93,39,5,2
train,93,40,4,7
train,93,41,3,7
train,93,42,1,4
train,93,43,7,8
train,93,44,6,8
train,93,45,6,13
train,93,46,4,8
train,93,47,5,12
train,93,48,3,5
train,93,49,6,7
train,93,50,6,8
train,93,51,8,7
train,93,52,5,8
train,93,53,2,3
train,93,54,4,6
train,93,55,4,7
train,93,56,3,5
train,93,57,6,3
train,93,58,3,4
train,93,59,3,10
train,93,60,5,9
train,94,0,4,2
train,94,1,7,10
train,94,2,2,1
train,94,3,4,11
train,94,4,6,8
train,94,5,5,3
train,94,6,3,7
train,94,7,5,5
train,94,8,5,4
train,94,9,7,10
train,94,10,1,3
train,94,11,3,8
train,94,12,6,3
train,94,13,8,5
train,94,14,6,5
train,94,15,6,4
train,94,16,6,5
train,94,17,6,5
train,94,18,6,4
train,94,19,7,5
train,94,20,4,1
train,94,21,5,6
train,94,22,7,8
train,94,23,3,5
train,94,24,3,10
train,94,25,7,4
train,94,26,2,8
train,94,27,7,7
train,94,28,3,11
train,94,29,5,9
train,94,30,2,4
train,94,31,6,10
train,94,32,5,6
train,94,33,4,12
train,94,34,7,6
train,94,35,6,5
train,94,36,3,5
train,94,37,4,3
train,94,38,5,6
train,94,39,6,4
train,94,40,4,5
train,94,41,5,9
train,94,42,6,6
train,94,43,1,7
train,94,44,6,6
train,94,45,8,7
train,94,46,4,7
train,94,47,0,4
train,94,48,11,6
train,94,49,6,11
train,94,50,3,5
train,94,51,3,9
train,94,52,3,11
train,94,53,1,7
train,94,54,3,8
train,94,55,3,8
train,94,56,5,4
train,94,57,8,9
train,94,58,4,5
train,94,59,2,9
train,94,60,5,11
train,95,0,2,5
train,95,1,5,6
train,95,2,3,4
train,95,3,3,4
train,95,4,8,4
train,95,5,6,2
train,95,6,7,3
train,95,7,1,6
train,95,8,4,3
train,95,9,6,10
train,95,10,2,5
train,95,11,3,7
train,95,12,4,6
train,95,13,10,7
train,95,14,2,3
train,95,15,8,5
train,95,16,10,2
train,95,17,6,4
train,95,18,7,5
train,95,19,5,4
train,95,20,3,6
train,95,21,5,7
train,95,22,2,2
train,95,23,10,4
train,95,24,4,8
train,95,25,5,8
train,95,26,4,8
train,95,27,5,4
train,95,28,3,3
train,95,29,8,8
train,95,30,8,14
train,95,31,6,8
train,95,32,2,4
train,95,33,2,8
train,95,34,6,7
train,95,35,4,8
train,95,36,7,11
train,95,37,5,8
train,95,38,4,4
train,95,39,6,3
train,95,40,4,7
train,95,41,4,11
train,95,42,3,4
train,95,43,8,8
train,95,44,5,7
train,95,45,9,4
train,95,46,4,7
train,95,47,7,4
train,95,48,5,5
train,95,49,6,4
train,95,50,2,7
train,95,51,5,7
train,95,52,6,8
train,95,53,2,5
train,95,54,6,7
train,95,55,3,8
train,95,56,7,10
train,95,57,7,12
train,95,58,5,2
train,95,59,5,9
train,95,60,5,4
train,96,0,4,5
train,96,1,6,10
train,96,2,3,4
train,96,3,2,1
train,96,4,8,5
train,96,5,4,5
train,96,6,7,11
train,96,7,3,3
train,96,8,1,4
train,96,9,5,5
train,96,10,3,5
train,96,11,3,5
train,96,12,4,6
train,96,13,8,5
train,96,14,1,3
train,96,15,9,8
train,96,16,2,5
train,96,17,3,8
train,96,18,6,2
train,96,19,6,4
train,96,20,11,2
train,96,21,7,4
train,96,22,7,4
train,96,23,6,1
train,96,24,3,10
train,96,25,9,5
train,96,26,3,7
train,96,27,2,2
train,96,28,7,9
train,96,29,3,5
train,96,30,10,4
train,96,31,6,5
train,96,32,4,8
train,96,33,5,6
train,96,34,3,6
train,96,35,3,7
train,96,36,3,5
train,96,37,5,6
train,96,38,1,6
train,96,39,2,5
train,96,40,0,8
train,96,41,9,6
train,96,42,6,4
train,96,43,7,3
train,96,44,4,11
train,96,45,6,6
train,96,46,9,9
train,96,47,4,8
train,96,48,6,11
train,96,49,7,6
train,96,50,12,5
train,96,51,9,5
train,96,52,5,15
train,96,53,6,11
train,96,54,6,9
train,96,55,6,4
train,96,56,4,5
train,96,57,2,15
train,96,58,3,7
train,96,59,2,6
train,96,60,5,8
train,97,0,6,8
train,97,1,1,4
train,97,2,4,6
train,97,3,4,5
train,97,4,3,6
train,97,5,7,3
train,97,6,10,6
train,97,7,1,5
train,97,8,4,4
train,97,9,7,3
train,97,10,5,3
train,97,11,6,6
train,97,12,7,4
train,97,13,2,6
train,97,14,6,4
train,97,15,5,1
train,97,16,7,5
train,97,17,5,2
train,97,18,1,6
train,97,19,5,4
train,97,20,8,3
train,97,21,5,3
train,97,22,8,9
train,97,23,5,4
train,97,24,5,7
train,97,25,3,4
train,97,26,9,4
train,97,27,3,5
train,97,28,2,5
train,97,29,3,9
train,97,30,3,4
train,97,31,6,7
train,97,32,6,5
train,97,33,3,7
train,97,34,6,8
train,97,35,10,12
train,97,36,3,4
train,97,37,8,6
train,97,38,3,10
train,97,39,7,6
train,97,40,6,6
train,97,41,2,6
train,97,42,5,4
train,97,43,6,6
train,97,44,7,11
train,97,45,6,7
train,97,46,4,6
train,97,47,5,5
train,97,48,7,5
train,97,49,2,8
train,97,50,3,6
train,97,51,3,13
train,97,52,7,9
train,97,53,6,9
train,97,54,6,6
train,97,55,6,5
train,97,56,4,12
train,97,57,4,7
train,97,58,5,11
train,97,59,10,6
train,97,60,5,7
train,98,0,3,7
train,98,1,2,0
train,98,2,0,3
train,98,3,7,3
train,98,4,2,5
train,98,5,4,4
train,98,6,3,8
train,98,7,8,3
train,98,8,4,5
train,98,9,11,3
train,98,10,8,10
train,98,11,7,5
train,98,12,10,6
train,98,13,5,5
train,98,14,3,2
train,98,15,2,7
train,98,16,7,6
train,98,17,4,7
train,98,18,8,4
train,98,19,3,8
train,98,20,5,7
train,98,21,5,5
train,98,22,6,7
train,98,23,2,7
train,98,24,3,9
train,98,25,2,11
train,98,26,5,5
train,98,27,5,5
train,98,28,6,7
train,98,29,4,7
train,98,30,7,2
train,98,31,5,3
train,98,32,10,3
train,98,33,6,7
train,98,34,4,4
train,98,35,6,11
train,98,36,5,5
train,98,37,8,7
train,98,38,3,6
train,98,39,4,3
train,98,40,2,6
train,98,41,7,12
train,98,42,6,13
train,98,43,4,6
train,98,44,9,6
train,98,45,7,3
train,98,46,3,1
train,98,47,3,4
train,98,48,4,14
train,98,49,3,6
train,98,50,3,7
train,98,51,7,6
train,98,52,2,7
train,98,53,7,10
train,98,54,3,7
train,98,55,1,6
train,98,56,1,5
train,98,57,5,3
train,98,58,3,9
train,98,59,4,8
train,98,60,4,9
train,99,0,4,7
train,99,1,3,6
train,99,2,0,5
train,99,3,4,6
train,99,4,6,4
train,99,5,4,3
train,99,6,5,5
train,99,7,4,5
train,99,8,4,6
train,99,9,6,6
train,99,10,3,5
train,99,11,1,3
train,99,12,6,4
train,99,13,3,4
train,99,14,4,6
train,99,15,4,5
train,99,16,2,10
train,99,17,5,7
train,99,18,5,11
train,99,19,5,6
train,99,20,6,5
train,99,21,4,2
train,99,22,7,9
train,99,23,5,10
train,99,24,5,8
train,99,25,1,5
train,99,26,4,3
train,99,27,6,2
train,99,28,7,10
train,99,29,5,1
train,99,30,4,6
train,99,31,9,2
train,99,32,6,4
train,99,33,3,9
train,99,34,6,6
train,99,35,3,9
train,99,36,5,8
train,99,37,5,5
train,99,38,2,3
train,99,39,3,10
train,99,40,5,4
train,99,41,4,6
train,99,42,5,8
train,99,43,5,7
train,99,44,8,8
train,99,45,6,7
train,99,46,4,5
train,99,47,6,4
train,99,48,6,8
train,99,49,7,8
train,99,50,3,10
train,99,51,6,3
train,99,52,2,7
train,99,53,7,8
train,99,54,9,8
train,99,55,3,12
train,99,56,3,9
train,99,57,8,6
train,99,58,5,10
train,99,59,7,7
train,99,60,5,9
