iteration,scenario,avg_sim_rate,avg_gt_rate,avg_accuracy,avg_f1,avg_error,time_series_rmse,curve_correlation,r_squared,composite_score,updated_composite_score
iter3,baseline,1.6700000000000004,57.50999999999999,0.4336,0.0427354318988025,55.84,55.85914428274032,0.5028087281696336,-1144.0856912180298,-171.54976215749082,-171.68938991940107
iter3,high_risk,49.2,57.50999999999999,0.5451,0.5730977092858238,8.31,8.695688586880282,0.5072074511467478,-26.74964218870426,-3.741420159847253,-3.8028397757079544
iter3,intervention,2.1199999999999997,57.50999999999999,0.4357,0.0534133959532359,55.389999999999986,55.4086365109267,0.5028087281696337,-1125.6897867811697,-168.78712298117827,-168.92628628983434
iter4,baseline,28.110000000000003,57.50999999999999,0.5166,0.435212301463391,29.4,29.5549657418174,-0.1028720474004882,-319.56075452310273,-47.8107901516489,-47.92475955471052
iter4,high_risk,73.99,57.50999999999999,0.5683999999999999,0.6707774808773496,16.48,17.268873732817667,0.5109081944969251,-108.44034643473192,-15.98012662984368,-16.071431298235687
iter4,intervention,26.630000000000003,57.50999999999999,0.5112,0.4180731746502975,30.880000000000003,31.070017701958264,0.0403261285353909,-353.26841351976327,-52.85416818780784,-52.96881717674154
iter5,baseline,48.43,57.50999999999999,0.4993999999999999,0.526845847777612,9.079999999999998,9.67336549500741,-0.2152136627763398,-33.3403427648722,-4.8633938313245855,-4.917200000718158
iter5,high_risk,62.129999999999995,57.50999999999999,0.5264,0.6034358652373915,6.9,7.505864373941219,-0.5099304286049772,-19.675254137766593,-2.834570175618535,-2.88741696610498
iter5,intervention,47.68,57.50999999999999,0.5159,0.5391845769538497,9.83,10.266206699652992,0.0996342758724252,-37.6784836140777,-5.458314455873349,-5.518975230936845
